id,video_id,comment_id,title,text_display,text_original,description,likeCount,publishedAt,subscriberCount,videoCount,channelViewCount,authorChannelId,is_spam,checked,videoUploadedAt
1,wxrPhUbPgaM,Ugz2gA6hyFkMVzCVHCZ4AaABAg,අපි සෙක්ස් කරේ කවද්ද පියුමි ? රංජන් පියුමිගෙන් අසයි,එජාප ඡන්ද පදනම මහා සුනාමි කළ රන්ජන් ඡන්ද මැෂිම,එජාප ඡන්ද පදනම මහා සුනාමියක් කළ රන්ජන් නම් ඡන්ද මැෂිම,ජනතාව ගේ බදු මුදලින් ආතල් ගන්න අපේ හිටපු UNP ඇමතිතුමා රන්ජන් රාමනායක ගේ දුරකථන සංවාදය පියුමි හංසමාලි සමඟ,189,2020-01-10 14:54:03,2,1,37,UCVyYUxyT1asnI2EZVu90RJQ,0,1,2020-01-10 09:29:44
2,wxrPhUbPgaM,Ugzo2rFLU1MMBi0fuFJ4AaABAg,අපි සෙක්ස් කරේ කවද්ද පියුමි ? රංජන් පියුමිගෙන් අසයි,"<a href=""https://www.youtube.com/channel/UCJh8tRprawVFIk7oHbIUNgw"">https://www.youtube.com/channel/UCJh8tRprawVFIk7oHbIUNgw</a> sub plz",https://www.youtube.com/channel/UCJh8tRprawVFIk7oHbIUNgw sub plz,ජනතාව ගේ බදු මුදලින් ආතල් ගන්න අපේ හිටපු UNP ඇමතිතුමා රන්ජන් රාමනායක ගේ දුරකථන සංවාදය පියුමි හංසමාලි සමඟ,0,2020-01-14 07:51:35,19,4,150,UCJh8tRprawVFIk7oHbIUNgw,1,1,2020-01-10 09:29:44
3,wxrPhUbPgaM,UgxyBqOgcrAlULT0-5p4AaABAg,අපි සෙක්ස් කරේ කවද්ද පියුමි ? රංජන් පියුමිගෙන් අසයි,one shot ගෙ ආතල් අඬන ගමන් හිනා යන උන් like කරන් යමන්,one shot ගෙ ආතල් වලට අඬන ගමන් හිනා යන උන් ???? like කරන් යමන්,ජනතාව ගේ බදු මුදලින් ආතල් ගන්න අපේ හිටපු UNP ඇමතිතුමා රන්ජන් රාමනායක ගේ දුරකථන සංවාදය පියුමි හංසමාලි සමඟ,0,2020-01-14 07:23:54,18,7,174,UCSU7w96EXCGabTfH5iUuj9g,0,1,2020-01-10 09:29:44
6,wxrPhUbPgaM,Ugz2TN-pa_ISU9RkYIt4AaABAg,අපි සෙක්ස් කරේ කවද්ද පියුමි ? රංජන් පියුමිගෙන් අසයි,සිංහල වල් කතා Upload කරන රනු,සිංහල වල් කතා වල දැන් Upload කරන්නෙ රන්ජගෙ ඒව යකෝ,ජනතාව ගේ බදු මුදලින් ආතල් ගන්න අපේ හිටපු UNP ඇමතිතුමා රන්ජන් රාමනායක ගේ දුරකථන සංවාදය පියුමි හංසමාලි සමඟ,0,2020-01-14 06:17:10,28,41,712,UCp5f0LGSw2b_H_phzL1g0Zg,0,1,2020-01-10 09:29:44
7,wxrPhUbPgaM,UgyGEBUY4jNDX1Aor7p4AaABAg,අපි සෙක්ස් කරේ කවද්ද පියුමි ? රංජන් පියුමිගෙන් අසයි,"ඕස්ට්‍රේලියාවේදී ගිනි නිවන රථයක් ලැව් ගින්නට අසුවූ හැටි -<a href=""https://www.youtube.com/watch?v=_fJ6IcbC0hU"">https://www.youtube.com/watch?v=_fJ6IcbC0hU</a><br />තවත් මෙවැනි විඩීයෝ නරඹන්න අපේ චැනල් එක සබ්ස්ක්‍රයිබ් කරන්න","ඕස්ට්‍රේලියාවේදී ගිනි නිවන රථයක් ලැව් ගින්නට අසුවූ හැටි
 -https://www.youtube.com/watch?v=_fJ6IcbC0hU
තවත් මෙවැනි විඩීයෝ නරඹන්න අපේ චැනල් එක සබ්ස්ක්‍රයිබ් කරන්න",ජනතාව ගේ බදු මුදලින් ආතල් ගන්න අපේ හිටපු UNP ඇමතිතුමා රන්ජන් රාමනායක ගේ දුරකථන සංවාදය පියුමි හංසමාලි සමඟ,0,2020-01-14 06:02:39,0,12,242511,UCVFCjr3prM5nWNZRixyPIqg,1,1,2020-01-10 09:29:44
8,wxrPhUbPgaM,UgwU6ZGcy6ymJ-ZftEh4AaABAg,අපි සෙක්ස් කරේ කවද්ද පියුමි ? රංජන් පියුමිගෙන් අසයි,ආතල් රන්ජ,ආතල් නම් රන්ජ තමයි.,ජනතාව ගේ බදු මුදලින් ආතල් ගන්න අපේ හිටපු UNP ඇමතිතුමා රන්ජන් රාමනායක ගේ දුරකථන සංවාදය පියුමි හංසමාලි සමඟ,1,2020-01-14 05:35:49,231,22,1544,UC9XNopXYBbAmC3j9A1uRsTg,0,1,2020-01-10 09:29:44
10,wxrPhUbPgaM,Ugzaz2sOpoUgSdCZyZh4AaABAg,අපි සෙක්ස් කරේ කවද්ද පියුමි ? රංජන් පියුමිගෙන් අසයි,"<a href=""https://youtu.be/vPLa5NWlWWo"">https://youtu.be/vPLa5NWlWWo</a> ????????",https://youtu.be/vPLa5NWlWWo,ජනතාව ගේ බදු මුදලින් ආතල් ගන්න අපේ හිටපු UNP ඇමතිතුමා රන්ජන් රාමනායක ගේ දුරකථන සංවාදය පියුමි හංසමාලි සමඟ,0,2020-01-14 02:46:49,16,13,336,UClxuGJD4y3fQ6ew21mj0ApA,1,1,2020-01-10 09:29:44
11,wxrPhUbPgaM,Ugz9XbW_nLQbuBSe_Qd4AaABAg,අපි සෙක්ස් කරේ කවද්ද පියුමි ? රංජන් පියුමිගෙන් අසයි,"<a href=""https://youtu.be/nXs2OOHbnWo"">https://youtu.be/nXs2OOHbnWo</a>",https://youtu.be/nXs2OOHbnWo,ජනතාව ගේ බදු මුදලින් ආතල් ගන්න අපේ හිටපු UNP ඇමතිතුමා රන්ජන් රාමනායක ගේ දුරකථන සංවාදය පියුමි හංසමාලි සමඟ,0,2020-01-14 02:23:09,0,0,0,UCMVZFl51gTtuUmO6iav33ew,1,1,2020-01-10 09:29:44
13,wxrPhUbPgaM,Ugw6NDAbxeQm013U5kh4AaABAg,අපි සෙක්ස් කරේ කවද්ද පියුමි ? රංජන් පියුමිගෙන් අසයි,"<a href=""https://youtu.be/TzDSje6OmtM"">https://youtu.be/TzDSje6OmtM</a>",https://youtu.be/TzDSje6OmtM,ජනතාව ගේ බදු මුදලින් ආතල් ගන්න අපේ හිටපු UNP ඇමතිතුමා රන්ජන් රාමනායක ගේ දුරකථන සංවාදය පියුමි හංසමාලි සමඟ,0,2020-01-14 01:43:57,11,2,428,UCX1MlmfPHjcZahA_2IbMH0Q,1,1,2020-01-10 09:29:44
14,wxrPhUbPgaM,UgwZTYga3AavjgD305p4AaABAg,අපි සෙක්ස් කරේ කවද්ද පියුමි ? රංජන් පියුමිගෙන් අසයි,සික බලන එයාලගෙ තියන හැදියා,සිකේ බලන්න එයාලගෙ තියන හැදියාව,ජනතාව ගේ බදු මුදලින් ආතල් ගන්න අපේ හිටපු UNP ඇමතිතුමා රන්ජන් රාමනායක ගේ දුරකථන සංවාදය පියුමි හංසමාලි සමඟ,0,2020-01-14 01:38:23,0,0,0,UCXd3MqXGj0rimc2fqWj3PJA,0,1,2020-01-10 09:29:44
16,wxrPhUbPgaM,UgzTxS313jB5IrbANhx4AaABAg,අපි සෙක්ස් කරේ කවද්ද පියුමි ? රංජන් පියුමිගෙන් අසයි,බබ,බබා.,ජනතාව ගේ බදු මුදලින් ආතල් ගන්න අපේ හිටපු UNP ඇමතිතුමා රන්ජන් රාමනායක ගේ දුරකථන සංවාදය පියුමි හංසමාලි සමඟ,0,2020-01-14 00:40:26,1,1,6,UCqb_DIMZg7-f8h6Di-4m5qQ,0,1,2020-01-10 09:29:44
17,wxrPhUbPgaM,Ugzlft0hBh_v1blrDuV4AaABAg,අපි සෙක්ස් කරේ කවද්ද පියුමි ? රංජන් පියුමිගෙන් අසයි,අපි සෙක්ස් කර කවද්ද,ඇත්තටම අපි සෙක්ස් කරේ කවද්ද?,ජනතාව ගේ බදු මුදලින් ආතල් ගන්න අපේ හිටපු UNP ඇමතිතුමා රන්ජන් රාමනායක ගේ දුරකථන සංවාදය පියුමි හංසමාලි සමඟ,0,2020-01-13 22:33:06,140,20,2135,UCBxTUB8zoGRNmFbZZE0Wu-Q,0,1,2020-01-10 09:29:44
18,wxrPhUbPgaM,Ugz-1c8_CGdxdCGgivB4AaABAg,අපි සෙක්ස් කරේ කවද්ද පියුමි ? රංජන් පියුමිගෙන් අසයි,බලපංකෝ ලංකාව Trending one ඇවිල්ලා තියෙන වීඩියෝ රෙදි හෝදන ලංකාව උන් Number one,බලපංකෝ ලංකාවේ Trending one ඇවිල්ලා තියෙන වීඩියෝ එක? රෙද්දක් හෝදනව නම් ලංකාවේ උන් Number one ????,ජනතාව ගේ බදු මුදලින් ආතල් ගන්න අපේ හිටපු UNP ඇමතිතුමා රන්ජන් රාමනායක ගේ දුරකථන සංවාදය පියුමි හංසමාලි සමඟ,0,2020-01-13 21:51:17,18,10,694,UC0LmcdJt-i1JnSHUHr9WPoQ,0,1,2020-01-10 09:29:44
19,wxrPhUbPgaM,Ugz2mXVZGtFBfX9-1KF4AaABAg,අපි සෙක්ස් කරේ කවද්ද පියුමි ? රංජන් පියුමිගෙන් අසයි,"<a href=""https://www.youtube.com/watch?v=btqV2XlNUmM&amp;t=2s"">https://www.youtube.com/watch?v=btqV2XlNUmM&amp;t=2s</a>",https://www.youtube.com/watch?v=btqV2XlNUmM&t=2s,ජනතාව ගේ බදු මුදලින් ආතල් ගන්න අපේ හිටපු UNP ඇමතිතුමා රන්ජන් රාමනායක ගේ දුරකථන සංවාදය පියුමි හංසමාලි සමඟ,0,2020-01-13 20:38:08,113,12,848,UCdOyi1XOX1iFwvOgJzDAnAA,1,1,2020-01-10 09:29:44
20,wxrPhUbPgaM,UgyFLia5AD27EHXw3OZ4AaABAg,අපි සෙක්ස් කරේ කවද්ද පියුමි ? රංජන් පියුමිගෙන් අසයි,"<a href=""https://youtu.be/a-wBLYNZASk"">https://youtu.be/a-wBLYNZASk</a>",https://youtu.be/a-wBLYNZASk,ජනතාව ගේ බදු මුදලින් ආතල් ගන්න අපේ හිටපු UNP ඇමතිතුමා රන්ජන් රාමනායක ගේ දුරකථන සංවාදය පියුමි හංසමාලි සමඟ,0,2020-01-13 20:01:09,1,8,107,UCjU7UzFjtppLWQNl6s9F8lw,1,1,2020-01-10 09:29:44
21,wxrPhUbPgaM,UgwosXdpigbwn-G4B-14AaABAg,අපි සෙක්ස් කරේ කවද්ද පියුමි ? රංජන් පියුමිගෙන් අසයි,මා SUBSCRIBE කර උදව් කරන කාටුන් බලන එන,මාවත් SUBSCRIBE කරලා උදව් කරන්න. කාටුන් බලන්න එන්න.,ජනතාව ගේ බදු මුදලින් ආතල් ගන්න අපේ හිටපු UNP ඇමතිතුමා රන්ජන් රාමනායක ගේ දුරකථන සංවාදය පියුමි හංසමාලි සමඟ,0,2020-01-13 18:37:27,490,118,47848,UCF7825i1T5FQmCYDPQoKqiw,1,1,2020-01-10 09:29:44
22,wxrPhUbPgaM,UgwRJJcu1-tg8JIdvYF4AaABAg,අපි සෙක්ස් කරේ කවද්ද පියුමි ? රංජන් පියුමිගෙන් අසයි,"ලෙව වැඩිය්න්ම රෝම වැවෙන යුවතිය විවාහ පත්වේ <a href=""https://youtu.be/Z-gRVRiQsbc"">https://youtu.be/Z-gRVRiQsbc</a>",ලෙව වැඩියෙන්ම රෝම වැවෙන යුවතිය විවාහ පත්වේ https://youtu.be/Z-gRVRiQsbc,ජනතාව ගේ බදු මුදලින් ආතල් ගන්න අපේ හිටපු UNP ඇමතිතුමා රන්ජන් රාමනායක ගේ දුරකථන සංවාදය පියුමි හංසමාලි සමඟ,0,2020-01-13 18:34:09,2550,30,542478,UC3n9NwEr7MGksjbzEX2-Gww,1,1,2020-01-10 09:29:44
23,wxrPhUbPgaM,UgxmpQnQrSNsXorjNH54AaABAg,අපි සෙක්ස් කරේ කවද්ද පියුමි ? රංජන් පියුමිගෙන් අසයි,"<a href=""https://youtu.be/HK2USTiNOnc"">https://youtu.be/HK2USTiNOnc</a>",https://youtu.be/HK2USTiNOnc,ජනතාව ගේ බදු මුදලින් ආතල් ගන්න අපේ හිටපු UNP ඇමතිතුමා රන්ජන් රාමනායක ගේ දුරකථන සංවාදය පියුමි හංසමාලි සමඟ,0,2020-01-13 18:22:01,1,4,119,UCuZE2E3l8LDEEJhMQJOw0xA,1,1,2020-01-10 09:29:44
26,wxrPhUbPgaM,Ugyv52PqKBqiJpKHyeR4AaABAg,අපි සෙක්ස් කරේ කවද්ද පියුමි ? රංජන් පියුමිගෙන් අසයි,"<a href=""https://www.youtube.com/channel/UCYsOmKjy92xNe-XHfkwTIHw"">https://www.youtube.com/channel/UCYsOmKjy92xNe-XHfkwTIHw</a>",https://www.youtube.com/channel/UCYsOmKjy92xNe-XHfkwTIHw,ජනතාව ගේ බදු මුදලින් ආතල් ගන්න අපේ හිටපු UNP ඇමතිතුමා රන්ජන් රාමනායක ගේ දුරකථන සංවාදය පියුමි හංසමාලි සමඟ,0,2020-01-13 16:38:30,27,13,158,UCYsOmKjy92xNe-XHfkwTIHw,1,1,2020-01-10 09:29:44
29,wxrPhUbPgaM,UgzmaMuamir1bFIu3HZ4AaABAg,අපි සෙක්ස් කරේ කවද්ද පියුමි ? රංජන් පියුමිගෙන් අසයි,අඩෝ චන්දිමාල් බලන,අඩෝ චන්දිමාල් මේක බලන්නෙ නැද්ද යකෝ,ජනතාව ගේ බදු මුදලින් ආතල් ගන්න අපේ හිටපු UNP ඇමතිතුමා රන්ජන් රාමනායක ගේ දුරකථන සංවාදය පියුමි හංසමාලි සමඟ,0,2020-01-13 15:55:56,5,0,0,UC_jMOyPISAVEVTZZDeTGFoQ,0,1,2020-01-10 09:29:44
32,wxrPhUbPgaM,Ugyo949i9MJbhCSvc6Z4AaABAg,අපි සෙක්ස් කරේ කවද්ද පියුමි ? රංජන් පියුමිගෙන් අසයි,ඩොනල්ඩ් ට්‍රම්ප් ගහලද මේකි,ඩොනල්ඩ් ට්‍රම්ප් ගහලද මේකිට,ජනතාව ගේ බදු මුදලින් ආතල් ගන්න අපේ හිටපු UNP ඇමතිතුමා රන්ජන් රාමනායක ගේ දුරකථන සංවාදය පියුමි හංසමාලි සමඟ,0,2020-01-13 12:17:04,2,0,0,UCGKLDoxfUJNl5EP_xqVOoog,0,1,2020-01-10 09:29:44
34,wxrPhUbPgaM,UgysFiAOplCfGOdhhQJ4AaABAg,අපි සෙක්ස් කරේ කවද්ද පියුමි ? රංජන් පියුමිගෙන් අසයි,"<a href=""https://youtu.be/KANpz5677cM"">https://youtu.be/KANpz5677cM</a><br />මේක අලුත් එක අම්මො","https://youtu.be/KANpz5677cM
මේක අලුත් එක අම්මෝ",ජනතාව ගේ බදු මුදලින් ආතල් ගන්න අපේ හිටපු UNP ඇමතිතුමා රන්ජන් රාමනායක ගේ දුරකථන සංවාදය පියුමි හංසමාලි සමඟ,0,2020-01-13 10:47:51,0,0,0,UCk3HWxj9gSesG5zSch-JzAQ,1,1,2020-01-10 09:29:44
37,wxrPhUbPgaM,UgyAsmjamve_3abOlc14AaABAg,අපි සෙක්ස් කරේ කවද්ද පියුමි ? රංජන් පියුමිගෙන් අසයි,ඉයොව් ඉයොව්,ඉයොව් ඉයොව් ????????????????,ජනතාව ගේ බදු මුදලින් ආතල් ගන්න අපේ හිටපු UNP ඇමතිතුමා රන්ජන් රාමනායක ගේ දුරකථන සංවාදය පියුමි හංසමාලි සමඟ,0,2020-01-13 08:25:07,0,0,0,UC2iyJSoqjmaICxCL1rGTZtQ,0,1,2020-01-10 09:29:44
39,wxrPhUbPgaM,UgxCuVOUEWEPWl-pdZh4AaABAg,අපි සෙක්ස් කරේ කවද්ද පියුමි ? රංජන් පියුමිගෙන් අසයි,සොට් ඉයොව් ඉයොව්,"වන් සොට් වන් 

ඉයොව් ඉයොව්",ජනතාව ගේ බදු මුදලින් ආතල් ගන්න අපේ හිටපු UNP ඇමතිතුමා රන්ජන් රාමනායක ගේ දුරකථන සංවාදය පියුමි හංසමාලි සමඟ,0,2020-01-13 07:52:46,46,19,3007,UCsToE9aRmndwFSo-hUARxLw,0,1,2020-01-10 09:29:44
40,wxrPhUbPgaM,Ugyr3GBAkDmz13wtnHp4AaABAg,අපි සෙක්ස් කරේ කවද්ද පියුමි ? රංජන් පියුමිගෙන් අසයි,යූටියුබර්ස් රන්ජන් රෙකෝඩ්ස් එලි ලී් කර රන්ජන් නෙමෙයි මේවයේ තියෙන පර්සනල් දේ ලී් කර ආතල් ගන යූටියුබ් චැන්ල්ස් මේව අපහසු පත්වෙන මිනිස් ඒගොල්ලො හිතන නෑ නින්දිත් වැඩ මේවගේ යූටියුබ් කරන කෙන් වුණොත් එයත් අපහසු පත් වෙයිද මිනිස් හිතන නැති මහ සක්කිලි කාලකණ්ණි සතුටු ලබන ආත්මාර්ථකාමී සමාජ තියෙන රන්ජන් හොඳ එකෙකුත් නෙමෙයි දානකෝ හිතන මේවයෙ සමහරක් කලාකරු පුද්ගලික දේ කතා කරන එකෙන් මනුස්ස අපහසු පත් වෙන කියන යූටියුබර්ස් හිතන නෑ පහත් ක්‍රියා අනුන් කුණු හොයන ජාති කවදාවත් දියුණු වෙන නෑ නිවැරැදි දැකි නැතිකම දේ මුල බොහෝම යූටියුබර්ස් පටු මානසිකත්ව පෙලෙන මිනිස්,යූටියුබර්ස්ලා රන්ජන්ගෙ රෙකෝඩ්ස් එලියට ලීක් කරේ. රන්ජන් නෙමෙයි නේ. මේවයේ ගොඩක් තියෙන්නෙ පර්සනල් දේවල්. ඒව ලීක් කරල ආතල් ගන්නෙ මේ යූටියුබ් චැන්ල්ස්. මේවයෙන් අපහසුවට පත්වෙන මිනිස්සු ගැන ඒගොල්ලො හිතන්නෙ නෑ. හරිම නින්දිතයි නේද. හරි මේ වැඩේ මේවගේ යූටියුබ් කරන කෙනෙකුට වුණොත් එයත් කොච්චර අපහසුවට පත් වෙයිද. අනික් මිනිහා ගැන හිතන්නෙ නැති මහ සක්කිලි කාලකන්නි සතුටක් ලබන ආත්මාර්ථකාමී සමාජයක් දැන් තියෙන්නෙ. රන්ජන් හොඳ එකෙකුත් නෙමෙයි ඒත් මේ වගේ ඒවා දානකොට හිතන්න ඕන. මේවයෙ සමහරක් කලාකරුවන්ගෙ අතිශය පෞද්ගලික දේවල් ගැන කතා කරනවා. එකෙන් ඒ මනුස්සයා  කොච්චර නම් අපහසුවට පත් වෙනවද කියලා මේ යූටියුබර්ස්ලා හිතන්නෙ නෑ. හරිම පහත් ක්‍රියාවක් මේක. අනුන්ගෙ කුණු හොයන ජාතියක් කවදාවත් දියුණු වෙන්නෙ නෑ. නිවැරැදි දැක්මක් නැතිකම තමයි මේ දේවල් වලට මුල. බොහෝමයක් යූටියුබර්ස්ලා පටු මානසිකත්වයකින් පෙලෙන මිනිස්සු.,ජනතාව ගේ බදු මුදලින් ආතල් ගන්න අපේ හිටපු UNP ඇමතිතුමා රන්ජන් රාමනායක ගේ දුරකථන සංවාදය පියුමි හංසමාලි සමඟ,0,2020-01-13 07:46:51,3,7,214,UCGezrq2PIKSDMKIMqcNOtTw,0,1,2020-01-10 09:29:44
42,wxrPhUbPgaM,Ugw7-vHN9bunSfdZYiB4AaABAg,අපි සෙක්ස් කරේ කවද්ද පියුමි ? රංජන් පියුමිගෙන් අසයි,රන්ජන් රාමනායක අන්තිම රට වැඩදා් සේව කලා දේශපාලුවන් බලුකම් හොයන ලැබෙන නෑ,රන්ජන් රාමනායක අන්තිමට රටට වැඩදායි සේවයක් කලා නැත්නම් දේශපාලුවන්ගෙ බලුකම් හොයන්න ලැබෙන්නෙ නෑ,ජනතාව ගේ බදු මුදලින් ආතල් ගන්න අපේ හිටපු UNP ඇමතිතුමා රන්ජන් රාමනායක ගේ දුරකථන සංවාදය පියුමි හංසමාලි සමඟ,1,2020-01-13 07:15:17,0,4,94905,UCothqkyaRfl6v7ykV5upPyA,0,1,2020-01-10 09:29:44
43,wxrPhUbPgaM,UgzpWacj84b64yelXzF4AaABAg,අපි සෙක්ස් කරේ කවද්ද පියුමි ? රංජන් පියුමිගෙන් අසයි,"<a href=""https://www.youtube.com/watch?v=Co1RbxLruts"">https://www.youtube.com/watch?v=Co1RbxLruts</a>",https://www.youtube.com/watch?v=Co1RbxLruts,ජනතාව ගේ බදු මුදලින් ආතල් ගන්න අපේ හිටපු UNP ඇමතිතුමා රන්ජන් රාමනායක ගේ දුරකථන සංවාදය පියුමි හංසමාලි සමඟ,0,2020-01-13 07:12:45,634,52,83431,UCrBV3pB7m7xdNdeCHWYn-vg,1,1,2020-01-10 09:29:44
45,wxrPhUbPgaM,UgyWK8_954Q_6iYJhTd4AaABAg,අපි සෙක්ස් කරේ කවද්ද පියුමි ? රංජන් පියුමිගෙන් අසයි,රන්ජන් රාමනායක රෙකෝඩ් කරන හොං,රන්ජන් රාමනායක රෙකෝඩ් කරපු එක හොඳයි,ජනතාව ගේ බදු මුදලින් ආතල් ගන්න අපේ හිටපු UNP ඇමතිතුමා රන්ජන් රාමනායක ගේ දුරකථන සංවාදය පියුමි හංසමාලි සමඟ,0,2020-01-13 07:04:43,0,4,94905,UCothqkyaRfl6v7ykV5upPyA,0,1,2020-01-10 09:29:44
46,wxrPhUbPgaM,UgymL4XaqTKGxjoCVkF4AaABAg,අපි සෙක්ස් කරේ කවද්ද පියුමි ? රංජන් පියුමිගෙන් අසයි,නොබැඳ ඉඳල ලොකු දෙ කරන පුළු කියන ඔප්පු කර පෙන්නන රනු තනිකඩ අප උත්තමාචාර,නොබැඳ ඉඳල ලොකු දෙයක් කරන්න පුළුවන් කියල ඔප්පු කරල පෙන්නපු රන්ජන්ට තනිකඩ අපගේ උත්තමාචාරය,ජනතාව ගේ බදු මුදලින් ආතල් ගන්න අපේ හිටපු UNP ඇමතිතුමා රන්ජන් රාමනායක ගේ දුරකථන සංවාදය පියුමි හංසමාලි සමඟ,1,2020-01-13 06:54:39,358,4,2729,UCe1rQy--tkMvE5DsoTFazcg,0,1,2020-01-10 09:29:44
47,wxrPhUbPgaM,UgxTgPQ3XSdgWNb-TgJ4AaABAg,අපි සෙක්ස් කරේ කවද්ද පියුමි ? රංජන් පියුමිගෙන් අසයි,"<a href=""https://youtu.be/v5_vhg6AuUg"">https://youtu.be/v5_vhg6AuUg</a>",https://youtu.be/v5_vhg6AuUg,ජනතාව ගේ බදු මුදලින් ආතල් ගන්න අපේ හිටපු UNP ඇමතිතුමා රන්ජන් රාමනායක ගේ දුරකථන සංවාදය පියුමි හංසමාලි සමඟ,0,2020-01-13 06:16:18,60,9,2179,UCe8kc9W5ZdqHiZL3_2LQGeg,1,1,2020-01-10 09:29:44
48,wxrPhUbPgaM,UgyUSi3MgWn7fZidv9h4AaABAg,අපි සෙක්ස් කරේ කවද්ද පියුමි ? රංජන් පියුමිගෙන් අසයි,"හඩපටි ආතල් එකේ චොරම එක බැලුවද? ????????????
<br />මෙන්න Link එක ????????????
<br /><a href=""https://www.youtube.com/watch?v=5vvRcYOhXEM"">https://www.youtube.com/watch?v=5vvRcYOhXEM</a>","හඬපටි ආතල් එකේ චොරම එක බැලුවද?
මෙන්න Link එක
https://www.youtube.com/watch?v=5vvRcYOhXEM",ජනතාව ගේ බදු මුදලින් ආතල් ගන්න අපේ හිටපු UNP ඇමතිතුමා රන්ජන් රාමනායක ගේ දුරකථන සංවාදය පියුමි හංසමාලි සමඟ,0,2020-01-13 05:45:34,0,2,4719,UC-pOFQGD8mQUEdQJKe8s0zg,1,1,2020-01-10 09:29:44
49,wxrPhUbPgaM,UgzbFG4KBf0KpFdOOsN4AaABAg,අපි සෙක්ස් කරේ කවද්ද පියුමි ? රංජන් පියුමිගෙන් අසයි,නම්බුවට බලු නෑ බලි නම්බු නෑ,නම්බුවට බල්ලො නැත බල්ලන්ට නම්බුවක් නැත,ජනතාව ගේ බදු මුදලින් ආතල් ගන්න අපේ හිටපු UNP ඇමතිතුමා රන්ජන් රාමනායක ගේ දුරකථන සංවාදය පියුමි හංසමාලි සමඟ,0,2020-01-13 02:53:33,0,0,0,UCtdNaA1OZ8bzBcPq2Ws6-4A,0,1,2020-01-10 09:29:44
51,wxrPhUbPgaM,UgzNS8SNQO4V32-VU8Z4AaABAg,අපි සෙක්ස් කරේ කවද්ද පියුමි ? රංජන් පියුමිගෙන් අසයි,"<a href=""https://www.facebook.com/106949894159178/posts/115403619980472/"">https://www.facebook.com/106949894159178/posts/115403619980472/</a>",https://www.facebook.com/106949894159178/posts/115403619980472/,ජනතාව ගේ බදු මුදලින් ආතල් ගන්න අපේ හිටපු UNP ඇමතිතුමා රන්ජන් රාමනායක ගේ දුරකථන සංවාදය පියුමි හංසමාලි සමඟ,0,2020-01-13 01:49:24,0,0,0,UC9ESGf0ukoi4ngPVhdIfoZA,1,1,2020-01-10 09:29:44
52,wxrPhUbPgaM,Ugx5hF4BLl5QeqCsMsJ4AaABAg,අපි සෙක්ස් කරේ කවද්ද පියුමි ? රංජන් පියුමිගෙන් අසයි,ඩොනල්ඩ් ට්‍රම්ප් දන නෑ,ඩොනල්ඩ් ට්‍රම්ප් ද දන්නෙ නෑ?,ජනතාව ගේ බදු මුදලින් ආතල් ගන්න අපේ හිටපු UNP ඇමතිතුමා රන්ජන් රාමනායක ගේ දුරකථන සංවාදය පියුමි හංසමාලි සමඟ,0,2020-01-13 01:28:21,642,5,4137,UCsQpmYR_v19nzKsh0nY-ZHg,0,1,2020-01-10 09:29:44
53,wxrPhUbPgaM,UgwRRuaFMNx5jkQVpXl4AaABAg,අපි සෙක්ස් කරේ කවද්ද පියුමි ? රංජන් පියුමිගෙන් අසයි,"<a href=""https://youtu.be/bOk9C_HtF0g"">https://youtu.be/bOk9C_HtF0g</a>",https://youtu.be/bOk9C_HtF0g,ජනතාව ගේ බදු මුදලින් ආතල් ගන්න අපේ හිටපු UNP ඇමතිතුමා රන්ජන් රාමනායක ගේ දුරකථන සංවාදය පියුමි හංසමාලි සමඟ,0,2020-01-13 00:33:54,0,0,0,UCgMheHmXMjnCv_evxGwfAIw,1,1,2020-01-10 09:29:44
55,wxrPhUbPgaM,Ugx6R7gX2A4oaTK5z6R4AaABAg,අපි සෙක්ස් කරේ කවද්ද පියුමි ? රංජන් පියුමිගෙන් අසයි,රන්ජන් මෝඩයා ප්‍රශ කොහෙට වැඩ නැති රෙකෝඩ්ස් ලීක් කර යූටියුබ් චැනල් කාරයො ගන මොනවගේ ආතල් කියන රට මිනිස් ප්‍රයෝජන දෙ දාපිය,රන්ජන් මෝඩයා තමා ඒත් ප්‍රශ්නෙ මේ කොහෙටවත් වැඩක් නැති රෙකෝඩ්ස් ලීක් කරලා මේ යූටියුබ් චැනල් කාරයො ගන්නෙ මොනවගේ ආතල් ද කියලා. රටට මිනිස්සුන්ට  ප්‍රයෝජනවත් දෙයක් දාපියකො.,ජනතාව ගේ බදු මුදලින් ආතල් ගන්න අපේ හිටපු UNP ඇමතිතුමා රන්ජන් රාමනායක ගේ දුරකථන සංවාදය පියුමි හංසමාලි සමඟ,0,2020-01-12 23:08:18,3,7,214,UCGezrq2PIKSDMKIMqcNOtTw,0,1,2020-01-10 09:29:44
56,wxrPhUbPgaM,Ugye8t47geW4u-NmLyp4AaABAg,අපි සෙක්ස් කරේ කවද්ද පියුමි ? රංජන් පියුමිගෙන් අසයි,"රන්ජන් නිසා බුකිය ගිනි ඇව්ලුන හැටි<br /><a href=""https://youtu.be/AH05m1t3k20"">https://youtu.be/AH05m1t3k20</a><br /><br />රන්ජන් ප්‍රභූ බිරිඳකට Ass Fuck එකක් දාන්න කතා කරපු හැටි <br /><a href=""https://youtu.be/MuJZigmPMyQ"">https://youtu.be/MuJZigmPMyQ</a><br /><br />සුරාජ් මාපා,චන්දිමාල්,ගයියා ඔක්කොම කොලුකාරයෝ, රන්ජන් - පියුමි කියන රෙකෝඩින් එක<br /><a href=""https://youtu.be/EROOUrZLO3g"">https://youtu.be/EROOUrZLO3g</a><br /><br />විමල් වීරවංශගෙ බිරිඳ රන්ජන් එක්ක කතා කරපු දේවල් <br /><a href=""https://youtu.be/xhNO6hQIi9w"">https://youtu.be/xhNO6hQIi9w</a><br /><br />රෙකෝඩින් ලීක් උනාට පස්සෙ පියුමි ශේප් වෙන්න ශෙනායට කතා කරපු හැටි<br /><a href=""https://youtu.be/s8COQpkbPLc"">https://youtu.be/s8COQpkbPLc</a>","රන්ජන් නිසා බුකිය ගිනි ඇවිලුන හැටි
https://youtu.be/AH05m1t3k20

රන්ජන් ප්‍රභූ බිරිඳකට Ass Fuck එකක් දාන්න කතා කරපු හැටි 
https://youtu.be/MuJZigmPMyQ

සුරාජ් මාපා, චන්දිමාල්, ගයියා ඔක්කොම කොලුකාරයෝ, රන්ජන් - පියුමි කියන රෙකෝඩින් එක
https://youtu.be/EROOUrZLO3g

විමල් වීරවංශගෙ බිරිඳ රන්ජන් එක්ක කතා කරපු දේවල් 
https://youtu.be/xhNO6hQIi9w

රෙකෝඩින් ලීක් උනාට පස්සෙ පියුමි ශේප් වෙන්න ශෙනායට කතා කරපු හැටි
https://youtu.be/s8COQpkbPLc",ජනතාව ගේ බදු මුදලින් ආතල් ගන්න අපේ හිටපු UNP ඇමතිතුමා රන්ජන් රාමනායක ගේ දුරකථන සංවාදය පියුමි හංසමාලි සමඟ,0,2020-01-12 22:54:30,0,25,8688,UCLk6Est5AiPA75BWktXkVcA,1,1,2020-01-10 09:29:44
59,wxrPhUbPgaM,UgwN8B-fwlNr0u6hl5B4AaABAg,අපි සෙක්ස් කරේ කවද්ද පියුමි ? රංජන් පියුමිගෙන් අසයි,"<a href=""https://youtu.be/KiYks9muTa4"">https://youtu.be/KiYks9muTa4</a>",https://youtu.be/KiYks9muTa4,ජනතාව ගේ බදු මුදලින් ආතල් ගන්න අපේ හිටපු UNP ඇමතිතුමා රන්ජන් රාමනායක ගේ දුරකථන සංවාදය පියුමි හංසමාලි සමඟ,0,2020-01-12 20:24:53,20,3,12,UCDri_sJrWb_US_L2j9EGN6Q,1,1,2020-01-10 09:29:44
60,wxrPhUbPgaM,UgwtzFyFndLpEQnfahp4AaABAg,අපි සෙක්ස් කරේ කවද්ද පියුමි ? රංජන් පියුමිගෙන් අසයි,"මෙන්න සංගීතේ අසිනි අම්බෝ චූටි චූටි  කීවට <a href=""https://youtu.be/aGNnOrj9aQY"">https://youtu.be/aGNnOrj9aQY</a>",මෙන්න සංගීතේ අසිනි අම්බෝ චූටි චූටි  කීවට https://youtu.be/aGNnOrj9aQY,ජනතාව ගේ බදු මුදලින් ආතල් ගන්න අපේ හිටපු UNP ඇමතිතුමා රන්ජන් රාමනායක ගේ දුරකථන සංවාදය පියුමි හංසමාලි සමඟ,0,2020-01-12 20:22:46,65,50,7977,UC3Dr1Zwb8IYuXBIkBiBvlkQ,1,1,2020-01-10 09:29:44
63,wxrPhUbPgaM,Ugw_jUHum12OM8V_H394AaABAg,අපි සෙක්ස් කරේ කවද්ද පියුමි ? රංජන් පියුමිගෙන් අසයි,ඉයොව් ඉයොව්,ඉයොව් ඉයොව්,ජනතාව ගේ බදු මුදලින් ආතල් ගන්න අපේ හිටපු UNP ඇමතිතුමා රන්ජන් රාමනායක ගේ දුරකථන සංවාදය පියුමි හංසමාලි සමඟ,0,2020-01-12 19:05:32,2,0,0,UCdl4g6LKkt0F3crnB3CfYwg,0,1,2020-01-10 09:29:44
64,wxrPhUbPgaM,UgwGsbpu1LzOpZZeTpp4AaABAg,අපි සෙක්ස් කරේ කවද්ද පියුමි ? රංජන් පියුමිගෙන් අසයි,අහ පියුමි  මිනිසා වේසි ඩිවෝස් නොකළ ඌ දාර පොන්න,මේවා අහල පියුමි ගෙ මිනිහ මේ වේසිව ඩිවෝස් නොකළොත් ඌ දාර පොන්නයෙක් එහෙනම්,ජනතාව ගේ බදු මුදලින් ආතල් ගන්න අපේ හිටපු UNP ඇමතිතුමා රන්ජන් රාමනායක ගේ දුරකථන සංවාදය පියුමි හංසමාලි සමඟ,0,2020-01-12 18:57:19,7,0,0,UCjYscK6-AGkWEo_D9BYiItg,0,1,2020-01-10 09:29:44
65,wxrPhUbPgaM,Ugz7Rf0Sz9uaPe91BZd4AaABAg,අපි සෙක්ස් කරේ කවද්ද පියුමි ? රංජන් පියුමිගෙන් අසයි,"Online මුදල් උපයන ආකාරය. මුල සිට සරලව. Group එකට join වෙන්න<br /><a href=""https://www.facebook.com/groups/461920851069094/"">https://www.facebook.com/groups/461920851069094/</a>","Online මුදල් උපයන ආකාරය. මුල සිට සරලව. Group එකට join වෙන්න
https://www.facebook.com/groups/461920851069094/",ජනතාව ගේ බදු මුදලින් ආතල් ගන්න අපේ හිටපු UNP ඇමතිතුමා රන්ජන් රාමනායක ගේ දුරකථන සංවාදය පියුමි හංසමාලි සමඟ,0,2020-01-12 18:47:25,6,9,7428,UCjxyf7-fRbHSkNd0RFS6wrg,1,1,2020-01-10 09:29:44
66,wxrPhUbPgaM,UgwpU09BWPSbVqFk6m94AaABAg,අපි සෙක්ස් කරේ කවද්ද පියුමි ? රංජන් පියුමිගෙන් අසයි,මා sub කර hellp 1 දෙන හැමොම එකතු කර ගමන යමු සබ් අය මා sub කර කමෙන්ට් 1 දාන මා ඔයාල සබ් කරන්නම්,මාව sub කරල hellp 1 දෙන්න.???? හැමෝම එකතු කරගෙන ගමනක් යමු ????.. සබ් ඕනෙ අය මාව sub කරල කමෙන්ට් 1 දාන්න.මාත් ඔයාලව සබ් කරන්නම්...????????,ජනතාව ගේ බදු මුදලින් ආතල් ගන්න අපේ හිටපු UNP ඇමතිතුමා රන්ජන් රාමනායක ගේ දුරකථන සංවාදය පියුමි හංසමාලි සමඟ,0,2020-01-12 18:04:18,0,0,0,UCIWng1JSAux_FOghCvztd5g,1,1,2020-01-10 09:29:44
67,wxrPhUbPgaM,UgwcG99RA2iOed1vX6h4AaABAg,අපි සෙක්ස් කරේ කවද්ද පියුමි ? රංජන් පියුමිගෙන් අසයි,බ්ලුමැන්ඩල් කුණු කන්ද නාය ගියා,බ්ලුමැන්ඩල් කුණු කන්ද නාය ගියා වගේ....????????,ජනතාව ගේ බදු මුදලින් ආතල් ගන්න අපේ හිටපු UNP ඇමතිතුමා රන්ජන් රාමනායක ගේ දුරකථන සංවාදය පියුමි හංසමාලි සමඟ,0,2020-01-12 17:54:03,0,0,0,UCi5GpFbi6BS2D3WlKR71Zgg,0,1,2020-01-10 09:29:44
68,wxrPhUbPgaM,UgxXM518mTfSMxeqdPB4AaABAg,අපි සෙක්ස් කරේ කවද්ද පියුමි ? රංජන් පියුමිගෙන් අසයි,"Ranjan Piumi call record | රංජන් පියුමී ලීක්වුණු කෝල් එකෙන් රෙදි ගැලවුණු මොඩ්ල්ස්ලා<br /><br /><a href=""https://m.youtube.com/watch?v=D-Vk2hLcnS8"">https://m.youtube.com/watch?v=D-Vk2hLcnS8</a>","Ranjan Piumi call record | රංජන් පියුමී ලීක්වුණු කෝල් එකෙන් රෙදි ගැලවුණු මොඩ්ල්ස්ලා

https://m.youtube.com/watch?v=D-Vk2hLcnS8",ජනතාව ගේ බදු මුදලින් ආතල් ගන්න අපේ හිටපු UNP ඇමතිතුමා රන්ජන් රාමනායක ගේ දුරකථන සංවාදය පියුමි හංසමාලි සමඟ,0,2020-01-12 17:26:17,253,16,44100,UCdf-Gq6Bh3Wwjr25x7qg21Q,1,1,2020-01-10 09:29:44
70,wxrPhUbPgaM,UgyaL1VkXPYwPjAKItp4AaABAg,අපි සෙක්ස් කරේ කවද්ද පියුමි ? රංජන් පියුමිගෙන් අසයි,අඩෝ ගයි රෙදි ගලෝන,අඩෝ ගයියා ???? මෙන්න රෙදි ගලෝනවා,ජනතාව ගේ බදු මුදලින් ආතල් ගන්න අපේ හිටපු UNP ඇමතිතුමා රන්ජන් රාමනායක ගේ දුරකථන සංවාදය පියුමි හංසමාලි සමඟ,0,2020-01-12 16:40:42,169,6,1996,UCdlQgrM-7LigIsP1VFII2Qw,0,1,2020-01-10 09:29:44
72,wxrPhUbPgaM,UgyV7wdoWplfXiDt-sh4AaABAg,අපි සෙක්ස් කරේ කවද්ද පියුමි ? රංජන් පියුමිගෙන් අසයි,පක පන ගිනි තියන ඕනා,මේ පකයන්ව පන පිටින් ගිනි තියන්න ඕනා,ජනතාව ගේ බදු මුදලින් ආතල් ගන්න අපේ හිටපු UNP ඇමතිතුමා රන්ජන් රාමනායක ගේ දුරකථන සංවාදය පියුමි හංසමාලි සමඟ,0,2020-01-12 16:17:59,125,31,8397,UCWMfp25RtGJIGZRJihsG6Mw,0,1,2020-01-10 09:29:44
73,wxrPhUbPgaM,Ugze86-UFZRKwflTmHh4AaABAg,අපි සෙක්ස් කරේ කවද්ද පියුමි ? රංජන් පියුමිගෙන් අසයි,"රන්ජන් සල්ලි දීලා කෙල්ලෝ ගෙන්න ගත්ත විදිය <a href=""https://www.youtube.com/watch?v=kfIaKuLhc20"">https://www.youtube.com/watch?v=kfIaKuLhc20</a>",රන්ජන් සල්ලි දීලා කෙල්ලෝ ගෙන්න ගත්ත විදිය https://www.youtube.com/watch?v=kfIaKuLhc20,ජනතාව ගේ බදු මුදලින් ආතල් ගන්න අපේ හිටපු UNP ඇමතිතුමා රන්ජන් රාමනායක ගේ දුරකථන සංවාදය පියුමි හංසමාලි සමඟ,0,2020-01-12 14:32:28,52,17,14579,UCLyacSlPuqcE3Uqsfh9jhhw,1,1,2020-01-10 09:29:44
75,wxrPhUbPgaM,UgzT4CpLowLeELnnW_B4AaABAg,අපි සෙක්ස් කරේ කවද්ද පියුමි ? රංජන් පියුමිගෙන් අසයි,වනිතා කටයුතු ඇමැති මාවත් සබ්ස්ක්‍රයිබ් කරන් යන යාලුවන <ඉමොජියකි>  ️ <ඉමොජියකි>  ️ සබ්ස්ක්‍රයිබ් කර ඉන කට්ටි like එකක් දාන් යන,"වනිතා කටයුතු ඇමැති ????????....
.. මාවත් සබ්ස්ක්‍රයිබ් කරන් යන්න යාලුවනේ ❤️❤️.. සබ්ස්ක්‍රයිබ් කරල ඉන්න කට්ටිය like එකක් දාන් යන්න..",ජනතාව ගේ බදු මුදලින් ආතල් ගන්න අපේ හිටපු UNP ඇමතිතුමා රන්ජන් රාමනායක ගේ දුරකථන සංවාදය පියුමි හංසමාලි සමඟ,2,2020-01-12 13:42:44,0,47,19203,UCH82FeN3GrystZjCbQAodgQ,1,1,2020-01-10 09:29:44
77,wxrPhUbPgaM,UgyuggyHnxhA1jbvoP94AaABAg,අපි සෙක්ස් කරේ කවද්ද පියුමි ? රංජන් පියුමිගෙන් අසයි,අ⁣න පටිට වෙසි තොපි පනපිට අපයා ඇද යන රංජන් හොද,අ⁣නේ මෙහෙම පටිට  වෙසියෝ නොදකින්  තොපි පනපිටින් අපයාට ඇදගෙන යන්නෙ රංජන් බොහොම හොදයි,ජනතාව ගේ බදු මුදලින් ආතල් ගන්න අපේ හිටපු UNP ඇමතිතුමා රන්ජන් රාමනායක ගේ දුරකථන සංවාදය පියුමි හංසමාලි සමඟ,0,2020-01-12 13:32:08,4,0,0,UCTZ8OkwchCegGa9xEalosHA,0,1,2020-01-10 09:29:44
78,wxrPhUbPgaM,Ugx_iOQD-vFrOcstTTV4AaABAg,අපි සෙක්ස් කරේ කවද්ද පියුමි ? රංජන් පියුමිගෙන් අසයි,"<a href=""https://youtu.be/ZYxxRalbefk"">https://youtu.be/ZYxxRalbefk</a>",https://youtu.be/ZYxxRalbefk,ජනතාව ගේ බදු මුදලින් ආතල් ගන්න අපේ හිටපු UNP ඇමතිතුමා රන්ජන් රාමනායක ගේ දුරකථන සංවාදය පියුමි හංසමාලි සමඟ,0,2020-01-12 13:08:10,4,6,61,UCUkCIJqfMOQ_yTC_uTOmmEQ,1,1,2020-01-10 09:29:44
79,wxrPhUbPgaM,UgxSC7OnMr7Fmw6c81l4AaABAg,අපි සෙක්ස් කරේ කවද්ද පියුමි ? රංජන් පියුමිගෙන් අසයි,"<a href=""https://youtu.be/ZYxxRalbefk"">https://youtu.be/ZYxxRalbefk</a>",https://youtu.be/ZYxxRalbefk,ජනතාව ගේ බදු මුදලින් ආතල් ගන්න අපේ හිටපු UNP ඇමතිතුමා රන්ජන් රාමනායක ගේ දුරකථන සංවාදය පියුමි හංසමාලි සමඟ,0,2020-01-12 13:08:00,4,6,61,UCUkCIJqfMOQ_yTC_uTOmmEQ,1,1,2020-01-10 09:29:44
80,wxrPhUbPgaM,UgywpGJ17DYnXULnYAB4AaABAg,අපි සෙක්ස් කරේ කවද්ද පියුමි ? රංජන් පියුමිගෙන් අසයි,"<a href=""https://youtu.be/ZYxxRalbefk"">https://youtu.be/ZYxxRalbefk</a>",https://youtu.be/ZYxxRalbefk,ජනතාව ගේ බදු මුදලින් ආතල් ගන්න අපේ හිටපු UNP ඇමතිතුමා රන්ජන් රාමනායක ගේ දුරකථන සංවාදය පියුමි හංසමාලි සමඟ,0,2020-01-12 13:07:54,4,6,61,UCUkCIJqfMOQ_yTC_uTOmmEQ,1,1,2020-01-10 09:29:44
81,wxrPhUbPgaM,UgwsQDwofFRgSc3SC2V4AaABAg,අපි සෙක්ස් කරේ කවද්ද පියුමි ? රංජන් පියුමිගෙන් අසයි,"<a href=""https://share.rainmoney.co/register.php?referral=Yasindu666"">https://share.rainmoney.co/register.php?referral=Yasindu666</a>",https://share.rainmoney.co/register.php?referral=Yasindu666,ජනතාව ගේ බදු මුදලින් ආතල් ගන්න අපේ හිටපු UNP ඇමතිතුමා රන්ජන් රාමනායක ගේ දුරකථන සංවාදය පියුමි හංසමාලි සමඟ,0,2020-01-12 12:57:22,0,0,0,UCN8lQM6LHQvftDMrulhWaVw,1,1,2020-01-10 09:29:44
82,wxrPhUbPgaM,UgwjV8jDetc96bGNN5p4AaABAg,අපි සෙක්ස් කරේ කවද්ද පියුමි ? රංජන් පියුමිගෙන් අසයි,"හඬපටවලින් හෙළිවුණු අමනයන්ගේ නිරුවත<br /><a href=""https://www.youtube.com/watch?v=WTljrnu_MFs"">https://www.youtube.com/watch?v=WTljrnu_MFs</a>","හඬපටවලින් හෙළිවුණු අමනයන්ගේ නිරුවත
https://www.youtube.com/watch?v=WTljrnu_MFs",ජනතාව ගේ බදු මුදලින් ආතල් ගන්න අපේ හිටපු UNP ඇමතිතුමා රන්ජන් රාමනායක ගේ දුරකථන සංවාදය පියුමි හංසමාලි සමඟ,0,2020-01-12 12:49:14,0,0,0,UC0zuGKf2NSbWOjPyh-NGU9g,1,1,2020-01-10 09:29:44
86,wxrPhUbPgaM,UgzAFA1I6JxZIcideVt4AaABAg,අපි සෙක්ස් කරේ කවද්ද පියුමි ? රංජන් පියුමිගෙන් අසයි,මු් වැඩ පාර්ලිමෙන්තු නිකන්ම විසුරැවන වෙන කියන හිතෙන්නැද්ද,මුගේ වැඩේ නිසා පාර්ලිමෙන්තුව නිකන්ම විසුරැවන්න වෙයි කියලා හිතෙන්නැද්ද?,ජනතාව ගේ බදු මුදලින් ආතල් ගන්න අපේ හිටපු UNP ඇමතිතුමා රන්ජන් රාමනායක ගේ දුරකථන සංවාදය පියුමි හංසමාලි සමඟ,0,2020-01-12 10:33:30,0,26,803,UCeJ4QBEo4-pHm5k6KXOHazg,0,1,2020-01-10 09:29:44
88,wxrPhUbPgaM,UgzGirROqydWkysah6Z4AaABAg,අපි සෙක්ස් කරේ කවද්ද පියුමි ? රංජන් පියුමිගෙන් අසයි,සිසිවන වුවන ඉග සුග ගත පුළුවන් මිටින නිසි පුලුලුකුළ රි සකයුරු තිසර තන දිසි රණ ලියෙවු රූසිරි මෙපුරගන ඇසිපිය හෙලන පමණ නොවෙති දෙවගන,"සිසිවන වුවන ඉග සුග ගත හැකි       මිටින
නිසි පුලුලුකුළ රිය සකයුරු තිසර         තන
දිසි රණ ලියෙවු රූසිරියත්          මෙපුරගන
ඇසිපිය හෙලන පමණින් නොවෙති දෙවගන",ජනතාව ගේ බදු මුදලින් ආතල් ගන්න අපේ හිටපු UNP ඇමතිතුමා රන්ජන් රාමනායක ගේ දුරකථන සංවාදය පියුමි හංසමාලි සමඟ,0,2020-01-12 10:01:18,8,7,362,UCE5y6zWovPz-i4vPtJ1U_OA,0,1,2020-01-10 09:29:44
92,wxrPhUbPgaM,UgxRlMW76Y-WKPR0J254AaABAg,අපි සෙක්ස් කරේ කවද්ද පියුමි ? රංජන් පියුමිගෙන් අසයි,"<a href=""https://youtu.be/LTQpqaCUjXg"">https://youtu.be/LTQpqaCUjXg</a><br />කොහොමද යාලුවනේ video එක. හොද නරක යෝජනා චෝදනා අනිවරෙන් comment කරන්න video එක හොදි නම්. මතක ඇතුව channel එක subscribe කරන්න.","https://youtu.be/LTQpqaCUjXg
කොහොමද යාලුවනේ video එක. හොද නරක යෝජනා චෝදනා අනිවරෙන් comment කරන්න video එක හොදි නම්. මතක ඇතුව channel එක subscribe කරන්න.",ජනතාව ගේ බදු මුදලින් ආතල් ගන්න අපේ හිටපු UNP ඇමතිතුමා රන්ජන් රාමනායක ගේ දුරකථන සංවාදය පියුමි හංසමාලි සමඟ,0,2020-01-12 09:03:58,89,3,231,UCpS-P6fbXuA04mxkQ7nMJYg,1,1,2020-01-10 09:29:44
93,wxrPhUbPgaM,UgwpF5vbbV6Xa_9SSrt4AaABAg,අපි සෙක්ස් කරේ කවද්ද පියුමි ? රංජන් පියුමිගෙන් අසයි,"<a href=""https://m.youtube.com/watch?v=TQuHAxiAY80"">https://m.youtube.com/watch?v=TQuHAxiAY80</a>",https://m.youtube.com/watch?v=TQuHAxiAY80,ජනතාව ගේ බදු මුදලින් ආතල් ගන්න අපේ හිටපු UNP ඇමතිතුමා රන්ජන් රාමනායක ගේ දුරකථන සංවාදය පියුමි හංසමාලි සමඟ,0,2020-01-12 08:47:38,0,0,0,UCkW5ZGqGiBeuolTQFYEZ9Kw,1,1,2020-01-10 09:29:44
97,wxrPhUbPgaM,UgxNHQ_Y8AT3OZkXExZ4AaABAg,අපි සෙක්ස් කරේ කවද්ද පියුමි ? රංජන් පියුමිගෙන් අසයි,"<a href=""https://www.youtube.com/watch?v=gPjdcbsbn0s&amp;feature=share"">https://www.youtube.com/watch?v=gPjdcbsbn0s&amp;feature=share</a>",https://www.youtube.com/watch?v=gPjdcbsbn0s&feature=share,ජනතාව ගේ බදු මුදලින් ආතල් ගන්න අපේ හිටපු UNP ඇමතිතුමා රන්ජන් රාමනායක ගේ දුරකථන සංවාදය පියුමි හංසමාලි සමඟ,0,2020-01-12 07:24:38,2,1,8,UCpSoOXSgtwJ9KUbUKCJLSoA,1,1,2020-01-10 09:29:44
101,wxrPhUbPgaM,UgxftNUCf-y-x_o4y654AaABAg,අපි සෙක්ස් කරේ කවද්ද පියුමි ? රංජන් පියුමිගෙන් අසයි,පොන්න ඉවර සුරාජ් මාපා චාටර් වහ කා මැරෙන,අයියෝ පොන්නයෝ ටික ඉවරයි. සුරාජ් මාපා චාටර්. වහ කාලා මැරෙන්න,ජනතාව ගේ බදු මුදලින් ආතල් ගන්න අපේ හිටපු UNP ඇමතිතුමා රන්ජන් රාමනායක ගේ දුරකථන සංවාදය පියුමි හංසමාලි සමඟ,0,2020-01-12 05:47:29,0,0,0,UC9hEVEyo6YXJY2NoKLn3DQQ,0,1,2020-01-10 09:29:44
103,wxrPhUbPgaM,UgwHKj6PY9B_qP_kUCZ4AaABAg,අපි සෙක්ස් කරේ කවද්ද පියුමි ? රංජන් පියුමිගෙන් අසයි,"ලංකාවෙ පොඩි කොල්ලෙක්ගෙ හැකියාවට රැකියාවක් අපි දෙන්න ඕනා මේක නම් හිනා කාල මැරෙනවා <a href=""http://www.youtube.com/results?search_query=%23%E0%B6%AD"">#ත</a>ාත්තා <a href=""http://www.youtube.com/results?search_query=%23%E0%B6%B4"">#ප</a>ුක <a href=""http://www.youtube.com/results?search_query=%23%E0%B7%84"">#හ</a>ෝදනවා අම්මෝ ඒක subscribe නොකර නම් යන්න එපා තව කෙනෙක්ට බලන්න ශෙයා කරලා ලයික් කරලා කොමෙන්ට් කරමු මූ නියම ලංකාවට නමක් අරන් එන කොල්ලෙක් <a href=""http://www.youtube.com/results?search_query=%23%E0%B6%BA%E0%B6%9A"">#යක</a>ූ <a href=""https://youtu.be/_KtCGZaSwBs"">https://youtu.be/_KtCGZaSwBs</a>",ලංකාවෙ පොඩි කොල්ලෙක්ගෙ හැකියාවට රැකියාවක් අපි දෙන්න ඕනා මේක නම් හිනා කාල මැරෙනවා #තාත්තා #පුක #හෝදනවා අම්මෝ ඒක subscribe නොකර නම් යන්න එපා තව කෙනෙක්ට බලන්න ශෙයා කරලා ලයික් කරලා කොමෙන්ට් කරමු මූ නියම ලංකාවට නමක් අරන් එන කොල්ලෙක් #යකූ https://youtu.be/_KtCGZaSwBs,ජනතාව ගේ බදු මුදලින් ආතල් ගන්න අපේ හිටපු UNP ඇමතිතුමා රන්ජන් රාමනායක ගේ දුරකථන සංවාදය පියුමි හංසමාලි සමඟ,0,2020-01-12 05:29:13,0,0,0,UCngs9kg_knQ3qlX0_Z6MTvg,1,1,2020-01-10 09:29:44
104,wxrPhUbPgaM,Ugy6Q2H4y6c13iPSXnJ4AaABAg,අපි සෙක්ස් කරේ කවද්ද පියුමි ? රංජන් පියුමිගෙන් අසයි,බේරේවැ අක්කර 6ක් ශැංග්‍රිලා හෝටල අනුබද්ධ සමාගම් රංජන් කතා පටි 69 ලක්‍ෂ ගොන් හරක් චූන්වෙලා ගෝඨා අක්කර 6 සිංගපූරු චීන දී කොමිස් පපු බැසිල් සිංගප්පූරු බරටම වැඩ කෑලිකඩා පෝර්ට් සිටි විකුණු පිටර කොම්පැණි හොයන චුන් වූ 69 ලක්‍ෂ ගොන් හරක් ක නැතත් රට බේරගතු කියම් බජව්දාන ජයවේ,* බේරේවැව අසල තවත් අක්කර 6ක් ශැංග්‍රිලා හෝටලයට අනුබද්ධ සමාගමකට**                                                                               රංජන්ගෙ කතා පටිවලට 69 ලක්‍ෂයක් ගොන් හරක් චූන්වෙලා. ඒ අතරතුර ගෝටා තවත් අක්කර 6 ක් සිංගපූරුවට/ චීනයට දීලා. කොමිස් පප්පා බැසිල් සිංගප්පූරුවේ බරටම වැඩ. කෑලිකඩා පෝර්ට් සිටි එක විකුණන්ට පිටරට කොම්පැණි හොයනවා. චුන් වූ 69 ලක්‍ෂයක් ගොන් හරක්  කන්ට නැතත් රට බේරගත්තා කියමින් බජව්දානවා. ජයවේවා!,ජනතාව ගේ බදු මුදලින් ආතල් ගන්න අපේ හිටපු UNP ඇමතිතුමා රන්ජන් රාමනායක ගේ දුරකථන සංවාදය පියුමි හංසමාලි සමඟ,1,2020-01-12 04:54:56,15,0,0,UCSIm4ntFjlKqmaDtwk7ph4w,0,1,2020-01-10 09:29:44
105,wxrPhUbPgaM,UgxZp6C0PwW-YttYlZh4AaABAg,අපි සෙක්ස් කරේ කවද්ද පියුමි ? රංජන් පියුමිගෙන් අසයි,පොඩ්ඩ මීඩි වැඩ බලන අපි Subscribe කරන,පොඩ්ඩන්ගෙ මීඩියා වැඩ බලන්න අපිව Subscribe කරන්න.,ජනතාව ගේ බදු මුදලින් ආතල් ගන්න අපේ හිටපු UNP ඇමතිතුමා රන්ජන් රාමනායක ගේ දුරකථන සංවාදය පියුමි හංසමාලි සමඟ,0,2020-01-12 04:30:20,205,94,5347,UCM5iv-SKJXbN_RN8M3vY1Ng,1,1,2020-01-10 09:29:44
106,wxrPhUbPgaM,UgwCXGFNpydbVb9Y6N14AaABAg,අපි සෙක්ස් කරේ කවද්ද පියුමි ? රංජන් පියුමිගෙන් අසයි,බලනකො මුන් ඔක්කොම එකයි අපි ගොන්නු වෙ මුන්ව පාර්ලිමේන්තු යව තියෙන මදිවට ලංකාව කලා ලෝකය ගැන පට්ට කලකිරිම් ආව අහපු දේ වලින්,"බලනකොට මුං ඔක්කොම එකයි, අපි තමයි ගොන්නු වෙලා මුංව පාර්ලිමේන්තු යවල තියෙන්නෙ, ඒ මදිවට ලංකාවෙ කලා ලෝකය ගැනත් පට්ට කලකිරිමක් ආව මේ අහපු දේවල් වලින්.",ජනතාව ගේ බදු මුදලින් ආතල් ගන්න අපේ හිටපු UNP ඇමතිතුමා රන්ජන් රාමනායක ගේ දුරකථන සංවාදය පියුමි හංසමාලි සමඟ,0,2020-01-12 04:19:08,2,0,0,UC77qZFV3e4UooIPt_mm9YfQ,0,1,2020-01-10 09:29:44
107,wxrPhUbPgaM,UgzgdHY1eXCz2iZmBup4AaABAg,අපි සෙක්ස් කරේ කවද්ද පියුමි ? රංජන් පියුමිගෙන් අසයි,"E money කරන්න කැමතිද?මෙන්න සුපිරි app එකක්.<a href=""https://play.google.com/store/apps/details?id=com.saklalabs.bitocash&amp;referrer=z686PvnqwjfSiFieuAWmiteXWRs1"">https://play.google.com/store/apps/details?id=com.saklalabs.bitocash&amp;referrer=z686PvnqwjfSiFieuAWmiteXWRs1</a>",E money කරන්න කැමතිද?මෙන්න සුපිරි app එකක්.https://play.google.com/store/apps/details?id=com.saklalabs.bitocash&referrer=z686PvnqwjfSiFieuAWmiteXWRs1,ජනතාව ගේ බදු මුදලින් ආතල් ගන්න අපේ හිටපු UNP ඇමතිතුමා රන්ජන් රාමනායක ගේ දුරකථන සංවාදය පියුමි හංසමාලි සමඟ,0,2020-01-12 03:13:43,0,0,0,UCihyXCnNbNsexqTI3OgXJkQ,1,1,2020-01-10 09:29:44
109,wxrPhUbPgaM,UgyFVVCnCRWczrUVUBd4AaABAg,අපි සෙක්ස් කරේ කවද්ද පියුමි ? රංජන් පියුමිගෙන් අසයි,හමු,හම්බෝ ????,ජනතාව ගේ බදු මුදලින් ආතල් ගන්න අපේ හිටපු UNP ඇමතිතුමා රන්ජන් රාමනායක ගේ දුරකථන සංවාදය පියුමි හංසමාලි සමඟ,0,2020-01-12 02:39:00,783,15,54570,UCAezzZgM5G37vOksUpBtBnQ,0,1,2020-01-10 09:29:44
111,wxrPhUbPgaM,UgzJtDFnx1ZoHN3H7a54AaABAg,අපි සෙක්ස් කරේ කවද්ද පියුමි ? රංජන් පියුමිගෙන් අසයි,රන්ජන් පියුමි් ගහ නෑ ඉයෝව් ඉයෝව්,රන්ජන් පියුමිට ගහලා නෑ ඉයෝව් ඉයෝව්????????????,ජනතාව ගේ බදු මුදලින් ආතල් ගන්න අපේ හිටපු UNP ඇමතිතුමා රන්ජන් රාමනායක ගේ දුරකථන සංවාදය පියුමි හංසමාලි සමඟ,0,2020-01-12 02:05:39,0,0,0,UCTuHuDofaJNFP-eCqt-2OVg,0,1,2020-01-10 09:29:44
112,wxrPhUbPgaM,UgzQuuvROnAgmTKeail4AaABAg,අපි සෙක්ස් කරේ කවද්ද පියුමි ? රංජන් පියුමිගෙන් අසයි,රන්ජා උඹ පියුමි් ගැහු,රන්ජා උබ නම් පියුමිටත් ගැහුව නේ ????????,ජනතාව ගේ බදු මුදලින් ආතල් ගන්න අපේ හිටපු UNP ඇමතිතුමා රන්ජන් රාමනායක ගේ දුරකථන සංවාදය පියුමි හංසමාලි සමඟ,0,2020-01-12 02:01:14,39,1,250,UCTlOGJ6gacn05s9XmibTxdw,0,1,2020-01-10 09:29:44
113,wxrPhUbPgaM,UgyyYFA4S2qDWjSZz-d4AaABAg,අපි සෙක්ස් කරේ කවද්ද පියුමි ? රංජන් පියුමිගෙන් අසයි,සුරාජ් මාප,සුරාජ් මාපා ????????,ජනතාව ගේ බදු මුදලින් ආතල් ගන්න අපේ හිටපු UNP ඇමතිතුමා රන්ජන් රාමනායක ගේ දුරකථන සංවාදය පියුමි හංසමාලි සමඟ,0,2020-01-12 01:53:33,39,1,250,UCTlOGJ6gacn05s9XmibTxdw,0,1,2020-01-10 09:29:44
114,wxrPhUbPgaM,Ugxf6APY85Wlm5LGBwt4AaABAg,අපි සෙක්ස් කරේ කවද්ද පියුමි ? රංජන් පියුමිගෙන් අසයි,ආපහු එක කියපියවුකො බලන මු සමනල කියන,ආපහු එකෙක් හරි කියපියවුකො බලන්න මුට සමනලයා කියලා...,ජනතාව ගේ බදු මුදලින් ආතල් ගන්න අපේ හිටපු UNP ඇමතිතුමා රන්ජන් රාමනායක ගේ දුරකථන සංවාදය පියුමි හංසමාලි සමඟ,2,2020-01-12 01:48:45,0,0,0,UCn-BuhopIh-NDU5pLUzl31Q,0,1,2020-01-10 09:29:44
116,wxrPhUbPgaM,UgwF8QqRc378oqpzfdR4AaABAg,අපි සෙක්ස් කරේ කවද්ද පියුමි ? රංජන් පියුමිගෙන් අසයි,පුතානෝ කියන කතා මොනාද බලපු,පුතානෝ කියපු කතා මොනාද මේවා එක්ක බලපුවම....????????????,ජනතාව ගේ බදු මුදලින් ආතල් ගන්න අපේ හිටපු UNP ඇමතිතුමා රන්ජන් රාමනායක ගේ දුරකථන සංවාදය පියුමි හංසමාලි සමඟ,0,2020-01-12 00:42:10,0,0,0,UCjf9lUoxpMebBB-cCa4caAA,0,1,2020-01-10 09:29:44
118,wxrPhUbPgaM,UgzUeiVGLqpyNtEaT3V4AaABAg,අපි සෙක්ස් කරේ කවද්ද පියුමි ? රංජන් පියුමිගෙන් අසයි,"<a href=""https://youtu.be/CowPC6Mdt38"">https://youtu.be/CowPC6Mdt38</a><br />මහින්ද සහ රන්ජන් කොල්පට විඩියෝව නරඹන්න තහනම් විමට පෙර","https://youtu.be/CowPC6Mdt38
මහින්ද සහ රන්ජන් කොල්පට විඩියෝව නරඹන්න තහනම් විමට පෙර",ජනතාව ගේ බදු මුදලින් ආතල් ගන්න අපේ හිටපු UNP ඇමතිතුමා රන්ජන් රාමනායක ගේ දුරකථන සංවාදය පියුමි හංසමාලි සමඟ,0,2020-01-11 21:45:41,1570,12,15292,UCEopSXwnkUze9ppmWauXTpA,1,1,2020-01-10 09:29:44
124,wxrPhUbPgaM,UgzZgOEu_QgDY5nQ0-l4AaABAg,අපි සෙක්ස් කරේ කවද්ද පියුමි ? රංජන් පියුමිගෙන් අසයි,රන්ජන් රටම කැලඹූ රෙකෝඩර් පිස්සා,රන්ජන් රටම කැලඹූ රෙකෝඩර් පිස්සා,ජනතාව ගේ බදු මුදලින් ආතල් ගන්න අපේ හිටපු UNP ඇමතිතුමා රන්ජන් රාමනායක ගේ දුරකථන සංවාදය පියුමි හංසමාලි සමඟ,2,2020-01-11 19:05:40,0,0,0,UCr0zKnpoU6QHAzYtfgO78Lw,0,1,2020-01-10 09:29:44
125,wxrPhUbPgaM,UgwjJO9pCRtShP8va2V4AaABAg,අපි සෙක්ස් කරේ කවද්ද පියුමි ? රංජන් පියුමිගෙන් අසයි,ලංකාව පාර්ලිමෙින්තු මන්ත්‍රි කෙන මු,"ලංකාවෙ  පාර්ලිමෙින්තු මන්ත්‍රි කෙනෙක් නේද මු,",ජනතාව ගේ බදු මුදලින් ආතල් ගන්න අපේ හිටපු UNP ඇමතිතුමා රන්ජන් රාමනායක ගේ දුරකථන සංවාදය පියුමි හංසමාලි සමඟ,0,2020-01-11 19:00:27,25,0,0,UC0NmtDFQDUkWx83znfyL5bA,0,1,2020-01-10 09:29:44
128,wxrPhUbPgaM,Ugx4v95WWYaxnSimoal4AaABAg,අපි සෙක්ස් කරේ කවද්ද පියුමි ? රංජන් පියුමිගෙන් අසයි,හක්කේ දඩ මස් බොක්ක බෝ පැ්,හක්කේ දඩ මස් බොක්කේ බොක පැක්... ????,ජනතාව ගේ බදු මුදලින් ආතල් ගන්න අපේ හිටපු UNP ඇමතිතුමා රන්ජන් රාමනායක ගේ දුරකථන සංවාදය පියුමි හංසමාලි සමඟ,0,2020-01-11 18:10:27,0,0,0,UC6DkARn3IMo96yIx4wzgDcA,0,1,2020-01-10 09:29:44
129,wxrPhUbPgaM,Ugy9lGUa30BTN73fkoZ4AaABAg,අපි සෙක්ස් කරේ කවද්ද පියුමි ? රංජන් පියුමිගෙන් අසයි,ඉඳකිං කුණු වල් හැත්ත මුං ලංකා පන්නන ඔ්නි,ඉඳකිං කුණු වල් හැත්ත. මුංව ලංකාවෙන් පන්නන්න ඔ්නි,ජනතාව ගේ බදු මුදලින් ආතල් ගන්න අපේ හිටපු UNP ඇමතිතුමා රන්ජන් රාමනායක ගේ දුරකථන සංවාදය පියුමි හංසමාලි සමඟ,0,2020-01-11 17:50:11,10,0,0,UC_cOQmVZR1-l64439bPzuXw,0,1,2020-01-10 09:29:44
131,wxrPhUbPgaM,Ugy8pDbE-7FR8XDdO8R4AaABAg,අපි සෙක්ස් කරේ කවද්ද පියුමි ? රංජන් පියුමිගෙන් අසයි,දේශපාලන බොල ස්වාධීන චරිත වෙන රන්ජන් ගහන ගේම,දේශපාලනයේ බොලයක් මේක.ස්වාධීන චරිතයක් වෙන්න රන්ජන් ගහන ගේම තව ඉදිරියට,ජනතාව ගේ බදු මුදලින් ආතල් ගන්න අපේ හිටපු UNP ඇමතිතුමා රන්ජන් රාමනායක ගේ දුරකථන සංවාදය පියුමි හංසමාලි සමඟ,0,2020-01-11 17:12:01,0,1,1,UCrlAm0A2V-4Ri50j_hwkIYA,0,1,2020-01-10 09:29:44
133,wxrPhUbPgaM,UgyWRZcI-5sjjumrLQh4AaABAg,අපි සෙක්ස් කරේ කවද්ද පියුමි ? රංජන් පියුමිගෙන් අසයි,රංජා අයි බලන් ගිය ගහ නැත්තේ දෙනක ආචිචි් විතරයි,රංජා අයියා බලන් ගියාම ගහලා නැත්තේ දෙනක ආචිචිට විතරයි????,ජනතාව ගේ බදු මුදලින් ආතල් ගන්න අපේ හිටපු UNP ඇමතිතුමා රන්ජන් රාමනායක ගේ දුරකථන සංවාදය පියුමි හංසමාලි සමඟ,0,2020-01-11 16:43:11,9,10,317,UCFvpxPPBngAJT3bWWCFT1Eg,0,1,2020-01-10 09:29:44
134,wxrPhUbPgaM,Ugyvu2cDyH__aY67hdN4AaABAg,අපි සෙක්ස් කරේ කවද්ද පියුමි ? රංජන් පියුමිගෙන් අසයි,වහාම රංජන් අයි පොලිස් ආරක්ෂා ලබා දෙනු <ඉමොජියකි>  ️,වහාම රංජන් අයියට පොලිස් ආරක්ෂාව ලබා දෙනු❤️????,ජනතාව ගේ බදු මුදලින් ආතල් ගන්න අපේ හිටපු UNP ඇමතිතුමා රන්ජන් රාමනායක ගේ දුරකථන සංවාදය පියුමි හංසමාලි සමඟ,0,2020-01-11 16:41:48,9,10,317,UCFvpxPPBngAJT3bWWCFT1Eg,0,1,2020-01-10 09:29:44
135,wxrPhUbPgaM,Ugz9W9iJ1BH9t9aPLFx4AaABAg,අපි සෙක්ස් කරේ කවද්ද පියුමි ? රංජන් පියුමිගෙන් අසයි,රන්ජන් උ බ H I V කියන අත්තඩ විනසෛ පියුමි හන්සමලි උ බ මිනිසා පොන්න නිස හොඩ ඉ රන්ජන් කියන පිරිමි ගනික රටම කව කරිපොන්න ඔකා වඩුපෙ උන් අම්ම බලු හුකල අ ක ඉ බලුවඩ කරන පිස්සු බලු අපේ අගම් නිගරු පොන්න කරි රන්ජන් රමන අවජත් පොන්නය,අනෙ රන්ජන් උ බට H I V කියන්නෙ අත්තඩ විනසෛ පියුමි හන්සමලි උ බගෙ මිනිහ පොන්නයෙක් නිස හොඩ ඉ යකො රන්ජන් කියන්නෙ පිරිමි ගනිකවක් රටම කව කරිපොන්නය ඔකා වඩුපෙ උන්ගෙ අම්මට බල්ලො හුකල අ ක ඉ බලුවඩ කරන්නෙ පිස්සු බල්ලෙක් අපෙ අගමට ගරහන පොන්න කරි රන්ජන් රමනයක අවජතක පොන්නය,ජනතාව ගේ බදු මුදලින් ආතල් ගන්න අපේ හිටපු UNP ඇමතිතුමා රන්ජන් රාමනායක ගේ දුරකථන සංවාදය පියුමි හංසමාලි සමඟ,0,2020-01-11 16:41:24,0,0,0,UCUIFF9ggZWBRid2c3JIc3tQ,0,1,2020-01-10 09:29:44
136,wxrPhUbPgaM,Ugw414zJFWsJvW_Dls14AaABAg,අපි සෙක්ස් කරේ කවද්ද පියුමි ? රංජන් පියුමිගෙන් අසයි,ජයවෙිවා රංජන් අයි  <ඉමොජියකි>  ️,ජයවෙිවා රංජන් අයියා????????????❤️,ජනතාව ගේ බදු මුදලින් ආතල් ගන්න අපේ හිටපු UNP ඇමතිතුමා රන්ජන් රාමනායක ගේ දුරකථන සංවාදය පියුමි හංසමාලි සමඟ,0,2020-01-11 16:40:59,9,10,317,UCFvpxPPBngAJT3bWWCFT1Eg,0,1,2020-01-10 09:29:44
141,wxrPhUbPgaM,UgzzIqRPy82uVgkmrNp4AaABAg,අපි සෙක්ස් කරේ කවද්ද පියුමි ? රංජන් පියුමිගෙන් අසයි,"ලංකාවට පට්ටම ආතල් දෙන කොල්ලෙක් බන් <a href=""http://www.youtube.com/results?search_query=%23%E0%B6%AD"">#ත</a>ාත්ත <a href=""http://www.youtube.com/results?search_query=%23%E0%B6%B4"">#ප</a>ුක හෝදනවා අම්මෝ හෝදන <a href=""http://www.youtube.com/results?search_query=%23%E0%B6%B4"">#ප</a>ුක පට්ට බන් subscribe නොකර යන්න එපා බන් බන් මූ නියම youtuber කෙනෙක් <a href=""https://youtu.be/_KtCGZaSwBs"">https://youtu.be/_KtCGZaSwBs</a>",ලංකාවට පට්ටම ආතල් දෙන කොල්ලෙක් බන් #තාත්ත #පුක හෝදනවා අම්මෝ හෝදන #පුක පට්ට බන් subscribe නොකර යන්න එපා බන් බන් මූ නියම youtuber කෙනෙක් https://youtu.be/_KtCGZaSwBs,ජනතාව ගේ බදු මුදලින් ආතල් ගන්න අපේ හිටපු UNP ඇමතිතුමා රන්ජන් රාමනායක ගේ දුරකථන සංවාදය පියුමි හංසමාලි සමඟ,0,2020-01-11 16:21:59,1,0,0,UC3uWpuK8g7Q_rbytMqeUv2w,1,1,2020-01-10 09:29:44
142,wxrPhUbPgaM,UgzjORpdPwoU5aaiqmh4AaABAg,අපි සෙක්ස් කරේ කවද්ද පියුමි ? රංජන් පියුමිගෙන් අසයි,සුරාජ් වුන එයාගේ පුද්ගලික දෙ දේශපලච් වැරදී එළි කරන ඕනේ,???? සුරාජ් එහෙම වුනත් ඒක එයාගේ පුද්ගලික දෙයක්. දේශපලච්යන්ගේ වැරදී තමා එළි කරන්න ඕනේ ! ????,ජනතාව ගේ බදු මුදලින් ආතල් ගන්න අපේ හිටපු UNP ඇමතිතුමා රන්ජන් රාමනායක ගේ දුරකථන සංවාදය පියුමි හංසමාලි සමඟ,2,2020-01-11 16:18:50,9,0,0,UCidF93ituLViD2QrL-Cef6A,0,1,2020-01-10 09:29:44
144,wxrPhUbPgaM,UgybmrGPk4l8FoMfSXB4AaABAg,අපි සෙක්ස් කරේ කවද්ද පියුමි ? රංජන් පියුමිගෙන් අසයි,"Payment proof සහිතයි. පේපෑල් එකට සල්ලි ගත්ත හැකි. ????????<br />දවසකට රු.1800ක් විතර ගත්ත හැකි දහ දෙනෙක් විතර අඳුන්වලා දීලා. <br />හොර වැඩ කරන්ඩ එපා, අහු වෙනවා. <br />Good luck... ????????<br /><a href=""https://rr.lovevova.com/NTMxNDc4Nzg="">https://rr.lovevova.com/NTMxNDc4Nzg=</a>","Payment proof සහිතයි. පේපෑල් එකට සල්ලි ගත්ත හැකි. ????????
දවසකට රු.1800ක් විතර ගත්ත හැකි දහ දෙනෙක් විතර අඳුන්වලා දීලා. 
හොර වැඩ කරන්ඩ එපා, අහු වෙනවා. 
Good luck... ????????
https://rr.lovevova.com/NTMxNDc4Nzg=",ජනතාව ගේ බදු මුදලින් ආතල් ගන්න අපේ හිටපු UNP ඇමතිතුමා රන්ජන් රාමනායක ගේ දුරකථන සංවාදය පියුමි හංසමාලි සමඟ,0,2020-01-11 15:36:24,0,40,61764,UCxEs0QWfdDg0prlvUwPDIoQ,1,1,2020-01-10 09:29:44
146,wxrPhUbPgaM,Ugx9b-N_c45QcenlBGh4AaABAg,අපි සෙක්ස් කරේ කවද්ද පියුමි ? රංජන් පියුමිගෙන් අසයි,මේකා කලින්ම පියුමි් ගහලනේ සුරාජ් ඊයා,මේකා කලින්ම පියුමිට ගහලනේ යකෝ....සුරාජ් ඊයා බන්..,ජනතාව ගේ බදු මුදලින් ආතල් ගන්න අපේ හිටපු UNP ඇමතිතුමා රන්ජන් රාමනායක ගේ දුරකථන සංවාදය පියුමි හංසමාලි සමඟ,0,2020-01-11 14:30:17,0,0,0,UCiA9ge80vnzBQ_j5fIy-AbQ,0,1,2020-01-10 09:29:44
147,wxrPhUbPgaM,UgykJO_MzqUAypwIkRR4AaABAg,අපි සෙක්ස් කරේ කවද්ද පියුමි ? රංජන් පියුමිගෙන් අසයි,"<a href=""https://youtu.be/GGuDO9EoPUU"">https://youtu.be/GGuDO9EoPUU</a>",https://youtu.be/GGuDO9EoPUU,ජනතාව ගේ බදු මුදලින් ආතල් ගන්න අපේ හිටපු UNP ඇමතිතුමා රන්ජන් රාමනායක ගේ දුරකථන සංවාදය පියුමි හංසමාලි සමඟ,0,2020-01-11 14:28:06,76,5,4145,UCWjRGg7AjwQja3QxDPpX8Fg,1,1,2020-01-10 09:29:44
153,wxrPhUbPgaM,UgxGzLl8sWrEWeFgFkZ4AaABAg,අපි සෙක්ස් කරේ කවද්ද පියුමි ? රංජන් පියුමිගෙන් අසයි,රන්ජන් කියන පට්ට වැඩු පොන්න කිව්,යකෝ රන්ජන් කියන්නේ පට්ට වැඩ්ඩෙක් යකෝ පොන්නයා කිව්වට????,ජනතාව ගේ බදු මුදලින් ආතල් ගන්න අපේ හිටපු UNP ඇමතිතුමා රන්ජන් රාමනායක ගේ දුරකථන සංවාදය පියුමි හංසමාලි සමඟ,12,2020-01-11 14:04:31,3,0,0,UColJiqcc589yTvXBhGLTcnw,0,1,2020-01-10 09:29:44
157,wxrPhUbPgaM,UgxMdOalLt_bqhSRGKd4AaABAg,අපි සෙක්ස් කරේ කවද්ද පියුමි ? රංජන් පියුමිගෙන් අසයි,මුන් ගහ මරන ඔනි ඉඩකින් අප්පිරියා,යකො මුන් නම් ගහලා මරන්න ඔනි.ඉඩකින් අප්පිරියාවෙ බෑ.,ජනතාව ගේ බදු මුදලින් ආතල් ගන්න අපේ හිටපු UNP ඇමතිතුමා රන්ජන් රාමනායක ගේ දුරකථන සංවාදය පියුමි හංසමාලි සමඟ,0,2020-01-11 13:42:43,0,0,0,UC8NgWHap8Y83W4qdiFd6MSQ,0,1,2020-01-10 09:29:44
158,wxrPhUbPgaM,UgyKPehMT4yu13jhkYt4AaABAg,අපි සෙක්ස් කරේ කවද්ද පියුමි ? රංජන් පියුමිගෙන් අසයි,ඉයා මුන්,ඉයා නොදකින් මුන්,ජනතාව ගේ බදු මුදලින් ආතල් ගන්න අපේ හිටපු UNP ඇමතිතුමා රන්ජන් රාමනායක ගේ දුරකථන සංවාදය පියුමි හංසමාලි සමඟ,1,2020-01-11 13:38:10,0,0,0,UCZeBYtrcROpzjFQJWHCuhsg,0,1,2020-01-10 09:29:44
164,wxrPhUbPgaM,UgzeZ9He2sls6o0Qt454AaABAg,අපි සෙක්ස් කරේ කවද්ද පියුමි ? රංජන් පියුමිගෙන් අසයි,රන්ජන් නෙමෙයි පර්ලිමේන්තුවම උන් හඩප නිකුත් උන නෑනෙ නිකුත් උනා උන් සලුපු අහස්,රන්ජන් විතරක් නෙමෙයි.පර්ලිමේන්තුවම ඔය වගේ තමයි. උන්ගෙ හඩපට නිකුත් උනේ නෑනෙ.නිකුත් උනාම ඉතින් උන්ගෙත් සලුපට අහසට තමා.????,ජනතාව ගේ බදු මුදලින් ආතල් ගන්න අපේ හිටපු UNP ඇමතිතුමා රන්ජන් රාමනායක ගේ දුරකථන සංවාදය පියුමි හංසමාලි සමඟ,4,2020-01-11 12:33:52,0,0,0,UCnbavnGK_LphS7kjGCi2M7g,0,1,2020-01-10 09:29:44
165,wxrPhUbPgaM,UgyBqS8p__A-oyjAklZ4AaABAg,අපි සෙක්ස් කරේ කවද්ද පියුමි ? රංජන් පියුමිගෙන් අසයි,සිරස කුමරි,සිරස කුමරිය ????????????????????????????????,ජනතාව ගේ බදු මුදලින් ආතල් ගන්න අපේ හිටපු UNP ඇමතිතුමා රන්ජන් රාමනායක ගේ දුරකථන සංවාදය පියුමි හංසමාලි සමඟ,0,2020-01-11 12:32:42,0,0,0,UCoWhm8EPCOg-pFLnVeuUmYQ,0,1,2020-01-10 09:29:44
167,wxrPhUbPgaM,UgwfcTktLSVQHT9kHDN4AaABAg,අපි සෙක්ස් කරේ කවද්ද පියුමි ? රංජන් පියුමිගෙන් අසයි,අප්පෙ එටකොට මං තියන ප්‍රසි පිඋම පුත රන්ජන්ගෙද වාග නෙ,අනෙ අප්පෙ එටකොට මට තියන ප්‍රස්නෙ පිඋමිගෙ පුතා රන්ජන්ගෙද........ටිකක් ඒ වාගෙ නෙ....????????????????????????????????????????????????,ජනතාව ගේ බදු මුදලින් ආතල් ගන්න අපේ හිටපු UNP ඇමතිතුමා රන්ජන් රාමනායක ගේ දුරකථන සංවාදය පියුමි හංසමාලි සමඟ,2,2020-01-11 12:25:55,0,0,0,UC2sCL5IQqeXna_LV2jLjKdw,0,1,2020-01-10 09:29:44
168,wxrPhUbPgaM,UgwiIkERL-tg8ndP2hJ4AaABAg,අපි සෙක්ස් කරේ කවද්ද පියුමි ? රංජන් පියුමිගෙන් අසයි,වේස පොඩිඑක් ලොකු වෙ මොනා කරගනීද දන නෑ බල උබල නලු නිලි බදින අදහස් තියෙනවනම් අතඇර ගනින් හොදී,"මේ වේසිගෙ පොඩිඑකා ලොකු වෙලා මොනා කරගනීද දන්නෙ නෑ.මේවා  බලලා.
උබලත්  නලුවො නිලියො එහෙම බදින අදහසක් තියෙනවනම් අතඇර ගනින් හොදී..????????????????????????????????",ජනතාව ගේ බදු මුදලින් ආතල් ගන්න අපේ හිටපු UNP ඇමතිතුමා රන්ජන් රාමනායක ගේ දුරකථන සංවාදය පියුමි හංසමාලි සමඟ,13,2020-01-11 12:23:40,1,0,0,UCIsyajqFJEpRuXFXQT35Z2Q,0,1,2020-01-10 09:29:44
169,wxrPhUbPgaM,UgzEZxKktIgLx0jeBY54AaABAg,අපි සෙක්ස් කරේ කවද්ද පියුමි ? රංජන් පියුමිගෙන් අසයි,වොයිස් කට් ලැබේ,තව තවත් වොයිස් කට් ලැබේවා,ජනතාව ගේ බදු මුදලින් ආතල් ගන්න අපේ හිටපු UNP ඇමතිතුමා රන්ජන් රාමනායක ගේ දුරකථන සංවාදය පියුමි හංසමාලි සමඟ,0,2020-01-11 12:20:37,134,0,0,UCXms4HpQXwXL4qL1P6I93_Q,0,1,2020-01-10 09:29:44
173,wxrPhUbPgaM,UgydHXKZ3W7inCOQWO14AaABAg,අපි සෙක්ස් කරේ කවද්ද පියුමි ? රංජන් පියුමිගෙන් අසයි,ගයි කියන,ගයියා කියන්නේ කවුද????,ජනතාව ගේ බදු මුදලින් ආතල් ගන්න අපේ හිටපු UNP ඇමතිතුමා රන්ජන් රාමනායක ගේ දුරකථන සංවාදය පියුමි හංසමාලි සමඟ,0,2020-01-11 12:09:57,5330,19,255970,UCEbbM8APgSl33lClMXBKr9w,0,1,2020-01-10 09:29:44
174,wxrPhUbPgaM,Ugyha5zBXQXqLUmrF9F4AaABAg,අපි සෙක්ස් කරේ කවද්ද පියුමි ? රංජන් පියුමිගෙන් අසයි,රංජ් trending එන බැ කිව් අය හූහූ,"රංජට trending එන්න බැ 
කිව්ව අය කෝ
හූහූ",ජනතාව ගේ බදු මුදලින් ආතල් ගන්න අපේ හිටපු UNP ඇමතිතුමා රන්ජන් රාමනායක ගේ දුරකථන සංවාදය පියුමි හංසමාලි සමඟ,0,2020-01-11 12:03:14,89,11,5456,UCInaxEjIRTVDjh9JRJgs_uQ,0,1,2020-01-10 09:29:44
175,wxrPhUbPgaM,UgzD2yD15mndOlbxhJt4AaABAg,අපි සෙක්ස් කරේ කවද්ද පියුමි ? රංජන් පියුමිගෙන් අසයි,මේකි හැමෝගෙම කුණු හෝදන මේකි පත්තිනි ම ප්‍රියාන් කෝල් කර ඇහුවම ඇත්තද මන් දන් නෑ එවන්නකො link පොඩු බබා part මේකි සීනි දා වෙඩි තියන අවුරුදු කූබිම කාලා මැරෙන,"මේකි හැමෝගෙම කුනු හෝදනවා මේකි පත්තිනි අම්මා වගේ.... දැන් ප්‍රියාන් කෝල් කරලා ඇහුවම ඇත්තද.... මන් දන් නැහැ නේ.. එවන්නකො link එක පොඩ්ඩක් .... බබා part එක... මේකිට සීනි දාලා වෙඩි තියන්න ඕනෙ අවුරුද්දක් විතර කූබිම කාලා මැරෙන්න 
නොදකින්",ජනතාව ගේ බදු මුදලින් ආතල් ගන්න අපේ හිටපු UNP ඇමතිතුමා රන්ජන් රාමනායක ගේ දුරකථන සංවාදය පියුමි හංසමාලි සමඟ,0,2020-01-11 11:49:20,0,0,0,UC4ZlhmBgprSiDBGCoHKzHiA,0,1,2020-01-10 09:29:44
176,wxrPhUbPgaM,UgzWZqdlmca7vepf91d4AaABAg,අපි සෙක්ස් කරේ කවද්ද පියුමි ? රංජන් පියුමිගෙන් අසයි,පියුමි් ගහපු නැති එකෙක් නම් කියපන් මල් තිය වදින,එ පියුමිට ගහපු නැති එකෙක්ගෙ නමක් කියපන්කො මල් තියල වදින්න,ජනතාව ගේ බදු මුදලින් ආතල් ගන්න අපේ හිටපු UNP ඇමතිතුමා රන්ජන් රාමනායක ගේ දුරකථන සංවාදය පියුමි හංසමාලි සමඟ,1,2020-01-11 11:32:41,4,0,0,UCkOHEarRhMxaCdAcRpXxE9A,0,1,2020-01-10 09:29:44
177,wxrPhUbPgaM,Ugz5mRt6wLXhbggr2p14AaABAg,අපි සෙක්ස් කරේ කවද්ද පියුමි ? රංජන් පියුමිගෙන් අසයි,රංජා මාර පොරක,රංජා මාර පොරක්නෙ බන්????????,ජනතාව ගේ බදු මුදලින් ආතල් ගන්න අපේ හිටපු UNP ඇමතිතුමා රන්ජන් රාමනායක ගේ දුරකථන සංවාදය පියුමි හංසමාලි සමඟ,0,2020-01-11 11:28:30,0,0,0,UCfdXKED731eTl4Dm10IKZXw,0,1,2020-01-10 09:29:44
180,wxrPhUbPgaM,UgyanQsj9cLo4J2P-kZ4AaABAg,අපි සෙක්ස් කරේ කවද්ද පියුමි ? රංජන් පියුමිගෙන් අසයි,මූ ගහපු නැති එකක් නෑ,මූ ගහපු නැති එකක් ..නෑ නේ.????,ජනතාව ගේ බදු මුදලින් ආතල් ගන්න අපේ හිටපු UNP ඇමතිතුමා රන්ජන් රාමනායක ගේ දුරකථන සංවාදය පියුමි හංසමාලි සමඟ,0,2020-01-11 11:15:10,23,2,1030,UCOwPrIdpe8aHQZOISQR4siw,0,1,2020-01-10 09:29:44
181,wxrPhUbPgaM,Ugx9XLCyh5Hh-zZHUp14AaABAg,අපි සෙක්ස් කරේ කවද්ද පියුමි ? රංජන් පියුමිගෙන් අසයි,"<a href=""https://youtu.be/fVXVZa2eTcM"">https://youtu.be/fVXVZa2eTcM</a>",https://youtu.be/fVXVZa2eTcM,ජනතාව ගේ බදු මුදලින් ආතල් ගන්න අපේ හිටපු UNP ඇමතිතුමා රන්ජන් රාමනායක ගේ දුරකථන සංවාදය පියුමි හංසමාලි සමඟ,0,2020-01-11 11:04:56,13,2,1083,UC43hPMlTbHg_YMPy9cj3gFQ,1,1,2020-01-10 09:29:44
182,wxrPhUbPgaM,UgznRQhIEpUds4pq6n94AaABAg,අපි සෙක්ස් කරේ කවද්ද පියුමි ? රංජන් පියුමිගෙන් අසයි,ගයි කියන කියන කාටද,මෙතන ගයිය කියල කියන්නෙ කාටද???,ජනතාව ගේ බදු මුදලින් ආතල් ගන්න අපේ හිටපු UNP ඇමතිතුමා රන්ජන් රාමනායක ගේ දුරකථන සංවාදය පියුමි හංසමාලි සමඟ,1,2020-01-11 11:04:55,0,0,0,UCIHVOWUfq8RUxZsqnpqJYhA,0,1,2020-01-10 09:29:44
184,wxrPhUbPgaM,UgxEe9ecAq5E71E4uI14AaABAg,අපි සෙක්ස් කරේ කවද්ද පියුමි ? රංජන් පියුමිගෙන් අසයි,රන්ජා ආදරේ ඇ උඹ අපේ බඩු කින්ග් අපි් දි හුකන බැන කොමන්ට් දාන උන් පියුමි දිහා බලන් අතෙත් ගහ ඉරාජ් කොලුකාර කියන න්නෙ ආව ගහන එකත් බලන් එනකං රන්ජන් කරන ඔයා,අම්මෝ රන්ජා ආදරෙයි ඇ   උබ අපෙ බඩු කින්ග්  අපිටත් දියන් හුකන්න බැනලා කොමන්ට් දාන උන් පියුමි දිහා බලන් අතෙත් ගහල ඇති ඉරාජ් කොලුකාරයා කියන එක කෝ න්නෙ තාම ආවෙ. ගහන එකත් බලන් එනකං ඇයි රන්ජන්  එහෙම කරන්නෙ ඔයා,ජනතාව ගේ බදු මුදලින් ආතල් ගන්න අපේ හිටපු UNP ඇමතිතුමා රන්ජන් රාමනායක ගේ දුරකථන සංවාදය පියුමි හංසමාලි සමඟ,1,2020-01-11 11:01:18,3,0,0,UCKCNsu5qRKJb_0U0qVSLCPA,0,1,2020-01-10 09:29:44
188,wxrPhUbPgaM,UgxafuMYtk7KtYFFpnl4AaABAg,අපි සෙක්ස් කරේ කවද්ද පියුමි ? රංජන් පියුමිගෙන් අසයි,"<a href=""https://www.youtube.com/watch?v=hgvSXeLqTVM&amp;feature=share"">https://www.youtube.com/watch?v=hgvSXeLqTVM&amp;feature=share</a>",https://www.youtube.com/watch?v=hgvSXeLqTVM&feature=share,ජනතාව ගේ බදු මුදලින් ආතල් ගන්න අපේ හිටපු UNP ඇමතිතුමා රන්ජන් රාමනායක ගේ දුරකථන සංවාදය පියුමි හංසමාලි සමඟ,0,2020-01-11 10:44:17,2,3,124,UCzYJeJn3I0Z2mJKcHy5QiPg,1,1,2020-01-10 09:29:44
189,wxrPhUbPgaM,Ugwlkd8eqYMYOHSkAbV4AaABAg,අපි සෙක්ස් කරේ කවද්ද පියුමි ? රංජන් පියුමිගෙන් අසයි,උන් බඩු ගහන අපි බදු ගහන සරල්,උන් බඩු ගහනවා අපිට බදු ගහනවා. සරලයි,ජනතාව ගේ බදු මුදලින් ආතල් ගන්න අපේ හිටපු UNP ඇමතිතුමා රන්ජන් රාමනායක ගේ දුරකථන සංවාදය පියුමි හංසමාලි සමඟ,0,2020-01-11 10:43:58,0,0,0,UC-Q6d1RtI-ffeaffsp6u4Og,0,1,2020-01-10 09:29:44
194,wxrPhUbPgaM,Ugxm_ztI_B20lbwEeGd4AaABAg,අපි සෙක්ස් කරේ කවද්ද පියුමි ? රංජන් පියුමිගෙන් අසයි,"<a href=""https://www.youtube.com/channel/UC3RhvzoFPogwF2_tTK2QsWw"">https://www.youtube.com/channel/UC3RhvzoFPogwF2_tTK2QsWw</a><br />අපිව subscribe කරලා සප් එකක් දෙන්න හැමෝම❤️❤️","https://www.youtube.com/channel/UC3RhvzoFPogwF2_tTK2QsWw
අපිව subscribe කරලා සප් එකක් දෙන්න හැමෝම❤️❤️",ජනතාව ගේ බදු මුදලින් ආතල් ගන්න අපේ හිටපු UNP ඇමතිතුමා රන්ජන් රාමනායක ගේ දුරකථන සංවාදය පියුමි හංසමාලි සමඟ,0,2020-01-11 10:04:21,47,7,3788,UCN0wUWWYU4AYMMLKDJqFNvQ,1,1,2020-01-10 09:29:44
195,wxrPhUbPgaM,UgxG8x7Y6KvcrCGkN-h4AaABAg,අපි සෙක්ස් කරේ කවද්ද පියුමි ? රංජන් පියුමිගෙන් අසයි,ඉයොව් චා චිකි චිකි චා,ඉයොව් චා චිකි චිකි චා,ජනතාව ගේ බදු මුදලින් ආතල් ගන්න අපේ හිටපු UNP ඇමතිතුමා රන්ජන් රාමනායක ගේ දුරකථන සංවාදය පියුමි හංසමාලි සමඟ,0,2020-01-11 09:58:13,0,0,0,UCa2UPtk-6JC9NtkItcm0qyQ,0,1,2020-01-10 09:29:44
197,wxrPhUbPgaM,Ugx-7P5X-arS64431UJ4AaABAg,අපි සෙක්ස් කරේ කවද්ද පියුමි ? රංජන් පියුමිගෙන් අසයි,"<a href=""https://youtu.be/EQgpUTe7GO0"">https://youtu.be/EQgpUTe7GO0</a>",https://youtu.be/EQgpUTe7GO0,ජනතාව ගේ බදු මුදලින් ආතල් ගන්න අපේ හිටපු UNP ඇමතිතුමා රන්ජන් රාමනායක ගේ දුරකථන සංවාදය පියුමි හංසමාලි සමඟ,0,2020-01-11 08:45:12,67,7,1849,UCfB8_sOiXN9vy7-mCLV38lw,1,1,2020-01-10 09:29:44
198,wxrPhUbPgaM,UgxQYvgnmFdkJ9F_BWR4AaABAg,අපි සෙක්ස් කරේ කවද්ද පියුමි ? රංජන් පියුමිගෙන් අසයි,"<a href=""https://youtu.be/EQgpUTe7GO0"">https://youtu.be/EQgpUTe7GO0</a>",https://youtu.be/EQgpUTe7GO0,ජනතාව ගේ බදු මුදලින් ආතල් ගන්න අපේ හිටපු UNP ඇමතිතුමා රන්ජන් රාමනායක ගේ දුරකථන සංවාදය පියුමි හංසමාලි සමඟ,0,2020-01-11 08:45:02,67,7,1849,UCfB8_sOiXN9vy7-mCLV38lw,1,1,2020-01-10 09:29:44
200,wxrPhUbPgaM,Ugxod8EHrsCejrT6E_B4AaABAg,අපි සෙක්ස් කරේ කවද්ද පියුමි ? රංජන් පියුමිගෙන් අසයි,තොපි අන් කියන කලින් බලාපියව් තොප හැදිය් කොහෙද කියන ගොන් බඩු ඉන උන් පිටිපසි ඇවි පිහි අනින තොපි සක්කිලි ආශ්‍ර කරන උන් පව්,තොපි අනුන්ට කියන්න කලින් බලාපියව් තොපේ හැදියාව කොහෙද කියලා ගොන් බඩු.යකෝ එකට ඉන්න උන්ට පිටිපස්සෙන් ඇවිත් පිහියෙන් අනින තොපි වගේ සක්කිලි ආශ්‍රය කරපු උන් පව්.,ජනතාව ගේ බදු මුදලින් ආතල් ගන්න අපේ හිටපු UNP ඇමතිතුමා රන්ජන් රාමනායක ගේ දුරකථන සංවාදය පියුමි හංසමාලි සමඟ,5,2020-01-11 08:39:40,15,0,0,UCS4qbilEa_hFX1GnE9cUpJw,0,1,2020-01-10 09:29:44
